objectid,title,date,date-is-approximate,creator,description,item_information,subject,location,latitude,longitude,related_publication,publisher_digital,,source,findingaid,,original-identifier,rights,rights statement,type,format,language,BookCode,BookNum,BPageNum,TotalPages,GRANTEES,GRANTORS,DATE,relation,filename,identifier,display_template,object_location,image_small,image_thumb,image_alt_text,object_transcript
1781000001,", granted to TOWN OF LEXINGTON, ",1781-03-26,,,PLAT OF TOWN BOUNDS OF LEXINGTON,pp. 23-26,,,,,,Fayette County Clerks Office,,https://www.fayettedeeds.com/landrecords/index.php,"Book Code: ODB, Book Number: 00000A",,,,,Document,application/pdf,eng,ODB,00000A,23,3,"TOWN OF LEXINGTON, ",",",17810326,,1781000001.pdf,,pdf,objects/1781000001.pdf,,,,
1782000001,"CRAIG, JOSEPH granted to CRAIG, LEWIS; CRAIG, BETTY",1782-12-10,,,500 ACRES FAYETTE COUNTY,pp. 111-113,,,,,,Fayette County Clerks Office,,https://www.fayettedeeds.com/landrecords/index.php,"Book Code: ODB, Book Number: 00000A",,,,,Document,application/pdf,eng,ODB,00000A,23,3,"TOWN OF LEXINGTON, ",",",17810326,,1782000001.pdf,,pdf,objects/1782000001.pdf,,,,
1783000001,"WILSON, NATHANIEL; RIDGELY, FREDERICK granted to KENNEDY, THOMAS; KENNEDY, DIANA ",1794-05-31,,,TOWN OF LEXINGTON # 2,pp. 3-5,,,,,,Fayette County Clerks Office,,https://www.fayettedeeds.com/landrecords/index.php,"Book Code: ODB, Book Number: 00000A",,,,,Document,application/pdf,eng,ODB,00000A,23,3,"TOWN OF LEXINGTON, ",",",17810326,,1783000001.pdf,,record,,,,,
1783000003,"MASTERSON, JAMES  granted to TRUSTEES TOWN OF LEXINGTON, ; TOWN OF LEXINGTON TRUSTEES, ; TOWN OF LEXINGTON, ; PATTERSON, ROBERT; MITCHELL, WILLIAM; STEELE, ANDREW; HENDERSON, WILLIAM; MCCONNELL, WILLIAM; STEELE, WILLIAM; TODD, ROBERT",1783-08-13,,,4 POLES MAIN STREET; 13 POLES MAIN STREET; 11 2/3 POLES HIGH ST; 51 POLES HIGH STREET,pp. 4-5,,,,,,Fayette County Clerks Office,,https://www.fayettedeeds.com/landrecords/index.php,"Book Code: ODB, Book Number: 00000A",,,,,Document,application/pdf,eng,ODB,00000A,23,3,"TOWN OF LEXINGTON, ",",",17810326,,1783000003.pdf,,record,,,,,
1783000004,"MASTERSON, JAMES  granted to TRUSTEES TOWN OF LEXINGTON, ; PATTERSON, ROBERT; MITCHELL, WILLIAM; STEELE, ANDREW; HENDERSON, WILLIAM; MCCONNELL, WILLIAM; STEELE, WILLIAM; TODD, ROBERT; TOWN OF LEXINGTON TRUSTEES, ; TOWN OF LEXINGTON, ",1783-09-09,,,LETTER O HIGH ST; 11 2/3 POLES HIGH ST; 51 POLES HIGH ST,pp. 7-8,,,,,,Fayette County Clerks Office,,https://www.fayettedeeds.com/landrecords/index.php,"Book Code: ODB, Book Number: 00000A",,,,,Document,application/pdf,eng,ODB,00000A,23,3,"TOWN OF LEXINGTON, ",",",17810326,,1783000004.pdf,,record,,,,,
1784000001,"LEWIS, THOMAS; PAYNE, HENRY granted to SHELBY JR, EVAN; SHELBY, CATEY; SHELBY, MOSES",1785-02-08,,,TRACT OF LAND ELKHORN CREEK,pp. 73-78,,,,,,Fayette County Clerks Office,,https://www.fayettedeeds.com/landrecords/index.php,"Book Code: ODB, Book Number: 00000A",,,,,Document,application/pdf,eng,ODB,00000A,23,3,"TOWN OF LEXINGTON, ",",",17810326,,1784000001.pdf,,record,,,,,
1785000001,"SMITH, ELIJAH granted to TODD, LEVI",1785-04-13,,,25 1/4 ACRES WATERS OF MIDDLE FORK ELKHORN CREEK,pp. 105-107,,,,,,Fayette County Clerks Office,,https://www.fayettedeeds.com/landrecords/index.php,"Book Code: ODB, Book Number: 00000A",,,,,Document,application/pdf,eng,ODB,00000A,23,3,"TOWN OF LEXINGTON, ",",",17810326,,1785000001.pdf,,record,,,,,
1785000002,"CRAIG, JOSEPH granted to CRAIG, ELIJAH",1785-07-12,,,200 ACRES WATERS OF ELKHORN,pp. 198-199,,,,,,Fayette County Clerks Office,,https://www.fayettedeeds.com/landrecords/index.php,"Book Code: ODB, Book Number: 00000A",,,,,Document,application/pdf,eng,ODB,00000A,23,3,"TOWN OF LEXINGTON, ",",",17810326,,1785000002.pdf,,record,,,,,
1785000003,"GALEWOOD, ANDERSON; GATEWOOD, ANDERSON granted to CAMPBELL, JOHN",1785-04-13,,,400 ACRES S. FORK OF ELKHORN WOLF RUN,pp. 201-203,,,,,,Fayette County Clerks Office,,https://www.fayettedeeds.com/landrecords/index.php,"Book Code: ODB, Book Number: 00000A",,,,,Document,application/pdf,eng,ODB,00000A,23,3,"TOWN OF LEXINGTON, ",",",17810326,,1785000003.pdf,,record,,,,,
1786000002,"ALLIN, JOSEPH; ALLEN, JOSEPH granted to CRAIG, LEWIS; CRAIG, ELIZABETH",1786-07-11,,,370 ACRES WATERS OF BOONE CREEK,pp. 148-150,,,,,,Fayette County Clerks Office,,https://www.fayettedeeds.com/landrecords/index.php,"Book Code: ODB, Book Number: 00000A",,,,,Document,application/pdf,eng,ODB,00000A,23,3,"TOWN OF LEXINGTON, ",",",17810326,,1786000002.pdf,,record,,,,,
1786000003,"KAY, JOHN granted to GATEWOOD, ANDREW; GATEWOOD, MARGARET",1786-11-01,,,87 AND 1/2 ACRES BRANCH OF ELKHORN WOLFRUN,pp. 237-239,,,,,,Fayette County Clerks Office,,https://www.fayettedeeds.com/landrecords/index.php,"Book Code: ODB, Book Number: 00000A",,,,,Document,application/pdf,eng,ODB,00000A,23,3,"TOWN OF LEXINGTON, ",",",17810326,,1786000003.pdf,,record,,,,,
1787000001,"PAYNE, EDWARD granted to TIBBS, DANIEL",1787-02-13,,,TRACT OF LAND STEELS RUN,pp. 51-54,,,,,,Fayette County Clerks Office,,https://www.fayettedeeds.com/landrecords/index.php,"Book Code: ODB, Book Number: 00000A",,,,,Document,application/pdf,eng,ODB,00000A,23,3,"TOWN OF LEXINGTON, ",",",17810326,,1787000001.pdf,,record,,,,,
1787000002,"SMITH, ELIJAH granted to CARSNER, CASPER; KARSNER, CASPER",1787-04-12,,,11 2/3 POLES OUT LOT 1 HIGH ST,pp. 107-108,,,,,,Fayette County Clerks Office,,https://www.fayettedeeds.com/landrecords/index.php,"Book Code: ODB, Book Number: 00000A",,,,,Document,application/pdf,eng,ODB,00000A,23,3,"TOWN OF LEXINGTON, ",",",17810326,,1787000002.pdf,,record,,,,,
1787000003,"SMITH, WILLIAM granted to CRAIG, LEWIS; CRAIG, ELIZABETH",1787-07-12,,,512 ACRES MCCONNELLS RUN NORTH ELKHORN,pp. 127-129,,,,,,Fayette County Clerks Office,,https://www.fayettedeeds.com/landrecords/index.php,"Book Code: ODB, Book Number: 00000A",,,,,Document,application/pdf,eng,ODB,00000A,23,3,"TOWN OF LEXINGTON, ",",",17810326,,1787000003.pdf,,record,,,,,
1787000004,"FERGUSON, ABRAHAM granted to CRAIG, ELIJAH",1787-09-11,,,200 ACRES WATERS OF ELKHORN,pp. 141-143,,,,,,Fayette County Clerks Office,,https://www.fayettedeeds.com/landrecords/index.php,"Book Code: ODB, Book Number: 00000A",,,,,Document,application/pdf,eng,ODB,00000A,23,3,"TOWN OF LEXINGTON, ",",",17810326,,1787000004.pdf,,record,,,,,
1787000005,"FERGUSON, ABRAHAM granted to CRAIG, ELIJAH; CRAIG, FRANCES",1787-09-11,,,210 ACRES WATERS OF ELKHORN,pp. 143-145,,,,,,Fayette County Clerks Office,,https://www.fayettedeeds.com/landrecords/index.php,"Book Code: ODB, Book Number: 00000A",,,,,Document,application/pdf,eng,ODB,00000A,23,3,"TOWN OF LEXINGTON, ",",",17810326,,1787000005.pdf,,record,,,,,
1787000006,"HUNT, GEORGE granted to TODD, ROBERT; TODD, ANN",1803-06-21,,,147 AND 1/2 ACRES WATERS OF HICKMAN CREEK,pp. 144-146,,,,,,Fayette County Clerks Office,,https://www.fayettedeeds.com/landrecords/index.php,"Book Code: ODB, Book Number: 00000A",,,,,Document,application/pdf,eng,ODB,00000A,23,3,"TOWN OF LEXINGTON, ",",",17810326,,1787000006.pdf,,record,,,,,
1787000007,"ELLIOTT, WILLIAM granted to GALLISPIE, WILLIAM; GILLISPIE, WILLIAM",1787-11-01,,,907 ACRES BOGGS FORK OF BOONES CREEK; OTHER PROPERTIES,pp. 187-191,,,,,,Fayette County Clerks Office,,https://www.fayettedeeds.com/landrecords/index.php,"Book Code: ODB, Book Number: 00000A",,,,,Document,application/pdf,eng,ODB,00000A,23,3,"TOWN OF LEXINGTON, ",",",17810326,,1787000007.pdf,,record,,,,,
1787000008,"MCCLAIN JR, DANIEL; MCCLAIN, JOHN granted to MORRISON, JOHN; MORRISON, MARTHA",1787-07-12,,,300 ACRES WATERS OF N FORK OF ELKHORN CREEK,pp. 235-237,,,,,,Fayette County Clerks Office,,https://www.fayettedeeds.com/landrecords/index.php,"Book Code: ODB, Book Number: 00000A",,,,,Document,application/pdf,eng,ODB,00000A,23,3,"TOWN OF LEXINGTON, ",",",17810326,,1787000008.pdf,,record,,,,,
1787000009,"TRABUE, EDWARD granted to HUMPHREY, MARSHALL",1787-07-10,,,250 ACRES KY RIVER,pp. 250-253,,,,,,Fayette County Clerks Office,,https://www.fayettedeeds.com/landrecords/index.php,"Book Code: ODB, Book Number: 00000A",,,,,Document,application/pdf,eng,ODB,00000A,23,3,"TOWN OF LEXINGTON, ",",",17810326,,1787000009.pdf,,record,,,,,
1787000010,"PATTERSON, JOHN granted to LOGAN, JOHN",1787-06-12,,,215 ACRES CANE RUN,pp. 270-272,,,,,,Fayette County Clerks Office,,https://www.fayettedeeds.com/landrecords/index.php,"Book Code: ODB, Book Number: 00000A",,,,,Document,application/pdf,eng,ODB,00000A,23,3,"TOWN OF LEXINGTON, ",",",17810326,,1787000010.pdf,,record,,,,,
1788000001,"SMITH, ALEXANDER granted to MCCONNELL, JAMES ; MCCONNELL, MARY",1788-06-10,,,200 ACRES TRACT OF LAND,pp. 28-29,,,,,,Fayette County Clerks Office,,https://www.fayettedeeds.com/landrecords/index.php,"Book Code: ODB, Book Number: 00000A",,,,,Document,application/pdf,eng,ODB,00000A,23,3,"TOWN OF LEXINGTON, ",",",17810326,,1788000001.pdf,,record,,,,,
1788000002,"PAYNE, HENRY granted to LEWIS, THOMAS",1788-12-01,,,AGREEMENT OF DIVISION OF LAND ELKHORN CREEK,pp. 78-79,,,,,,Fayette County Clerks Office,,https://www.fayettedeeds.com/landrecords/index.php,"Book Code: ODB, Book Number: 00000A",,,,,Document,application/pdf,eng,ODB,00000A,23,3,"TOWN OF LEXINGTON, ",",",17810326,,1788000002.pdf,,record,,,,,
1788000003,"LAMME, WILLIAM granted to CRAIG, BENJAMIN; CRAIG, NANCY",1788-06-10,,,523 ACRES,pp. 84-87,,,,,,Fayette County Clerks Office,,https://www.fayettedeeds.com/landrecords/index.php,"Book Code: ODB, Book Number: 00000A",,,,,Document,application/pdf,eng,ODB,00000A,23,3,"TOWN OF LEXINGTON, ",",",17810326,,1788000003.pdf,,record,,,,,
1788000004,"PRICE, JOHN  granted to HAYS, WILLIAM; HAYS, SUSANNAH",1788-06-01,,,300 ACRES MARBLE AND HICKMAN CREEJ,pp. 87-89,,,,,,Fayette County Clerks Office,,https://www.fayettedeeds.com/landrecords/index.php,"Book Code: ODB, Book Number: 00000A",,,,,Document,application/pdf,eng,ODB,00000A,23,3,"TOWN OF LEXINGTON, ",",",17810326,,1788000004.pdf,,record,,,,,
1788000005,"HAYDON, SAMUEL granted to MCGEE, DAVID M; MCGEE, JANE",1788-12-01,,,120 ACRES BET BOONES AND HOWARDS CREEK,pp. 93-96,,,,,,Fayette County Clerks Office,,https://www.fayettedeeds.com/landrecords/index.php,"Book Code: ODB, Book Number: 00000A",,,,,Document,application/pdf,eng,ODB,00000A,23,3,"TOWN OF LEXINGTON, ",",",17810326,,1788000005.pdf,,record,,,,,
1788000006,"MCKINNY, DAVID; WALLACE, ROBERT granted to CRAIG, LEWIS; CRAIG, JOHN",1788-07-01,,,490 ACRES WATERS OF ELKHORN,pp. 239-241,,,,,,Fayette County Clerks Office,,https://www.fayettedeeds.com/landrecords/index.php,"Book Code: ODB, Book Number: 00000A",,,,,Document,application/pdf,eng,ODB,00000A,23,3,"TOWN OF LEXINGTON, ",",",17810326,,1788000006.pdf,,record,,,,,
1788000007,"COLLINS, BARTLETT granted to LOWRY, STEPHEN; LOWRY, CATHRINE",1788-07-01,,,200 ACRES CANE RUN,pp. 253-255,,,,,,Fayette County Clerks Office,,https://www.fayettedeeds.com/landrecords/index.php,"Book Code: ODB, Book Number: 00000A",,,,,Document,application/pdf,eng,ODB,00000A,23,3,"TOWN OF LEXINGTON, ",",",17810326,,1788000007.pdf,,record,,,,,
1788000008,"LEWIS, THOMAS granted to WEST, THOMAS; WEST, MARGERY",1788-09-09,,,LOT NO. 77 CORNER HIGH AND SPRING STS,pp. 265-268,,,,,,Fayette County Clerks Office,,https://www.fayettedeeds.com/landrecords/index.php,"Book Code: ODB, Book Number: 00000A",,,,,Document,application/pdf,eng,ODB,00000A,23,3,"TOWN OF LEXINGTON, ",",",17810326,,1788000008.pdf,,record,,,,,
1788000009,"CALDWELL, MATTHEW granted to GRANT, WILLIAM; GRANT, ELIZABETH",1788-09-09,,,400 ACRES WATERS OF N FORK OF ELKHORN,pp. 292-294,,,,,,Fayette County Clerks Office,,https://www.fayettedeeds.com/landrecords/index.php,"Book Code: ODB, Book Number: 00000A",,,,,Document,application/pdf,eng,ODB,00000A,23,3,"TOWN OF LEXINGTON, ",",",17810326,,1788000009.pdf,,record,,,,,
1788000010,"GRAVES, THOMAS granted to CRAIG, JOHN; CRAIG, SARAH; CRAIG, ELIJAH; CRAIG, FRANCES",1788-09-01,,,300 ACRES CANE RUN,pp. 344-346,,,,,,Fayette County Clerks Office,,https://www.fayettedeeds.com/landrecords/index.php,"Book Code: ODB, Book Number: 00000A",,,,,Document,application/pdf,eng,ODB,00000A,23,3,"TOWN OF LEXINGTON, ",",",17810326,,1788000010.pdf,,record,,,,,
1788000011,"BEALL, ARCHIBALD; BEALL, MILLEY granted to CREWS, DAVID; CREWS, ANNA",1788-06-10,,,200 ACRES KENTUCKY RIVER,pp. 346-348,,,,,,Fayette County Clerks Office,,https://www.fayettedeeds.com/landrecords/index.php,"Book Code: ODB, Book Number: 00000A",,,,,Document,application/pdf,eng,ODB,00000A,23,3,"TOWN OF LEXINGTON, ",",",17810326,,1788000011.pdf,,record,,,,,
1788000012,"NEAL, CHARLES; NEALE, CHARLES granted to GATEWOOD, ANDREW; GATEWOOD, MARGARET",1788-11-03,,,100 ACRES S. ELKHORN,pp. 347-349,,,,,,Fayette County Clerks Office,,https://www.fayettedeeds.com/landrecords/index.php,"Book Code: ODB, Book Number: 00000A",,,,,Document,application/pdf,eng,ODB,00000A,23,3,"TOWN OF LEXINGTON, ",",",17810326,,1788000012.pdf,,record,,,,,
1788000013,"GRAY, RICHARD granted to GATEWOOD, ANDREW; GATEWOOD, MARGARET",1788-11-03,,,100 ACRES S. ELLKHORN,pp. 351-353,,,,,,Fayette County Clerks Office,,https://www.fayettedeeds.com/landrecords/index.php,"Book Code: ODB, Book Number: 00000A",,,,,Document,application/pdf,eng,ODB,00000A,23,3,"TOWN OF LEXINGTON, ",",",17810326,,1788000013.pdf,,record,,,,,
1788000014,"MCCANN, NEAL granted to CRAIG, JOHN",1788-07-21,,,CERTIFICATE OF DEED FOR TRACT OF LAND,pp. 438-439,,,,,,Fayette County Clerks Office,,https://www.fayettedeeds.com/landrecords/index.php,"Book Code: ODB, Book Number: 00000A",,,,,Document,application/pdf,eng,ODB,00000A,23,3,"TOWN OF LEXINGTON, ",",",17810326,,1788000014.pdf,,record,,,,,
1789000001,"KENNEDY, THOMAS granted to TRUSTEES OF THE TOWN OF LEXINGTON, ",1789-04-01,,,40 POLES CROSS ST 2ND ST LOT E,pp. 21-23,,,,,,Fayette County Clerks Office,,https://www.fayettedeeds.com/landrecords/index.php,"Book Code: ODB, Book Number: 00000A",,,,,Document,application/pdf,eng,ODB,00000A,23,3,"TOWN OF LEXINGTON, ",",",17810326,,1789000001.pdf,,record,,,,,
1789000002,"SMITH, WILLIAM granted to CRAIG, BENJAMIN; CRAIG, ANN",1789-03-10,,,220 ACRES DAVIDS FORK OF ELKHORN,pp. 128-131,,,,,,Fayette County Clerks Office,,https://www.fayettedeeds.com/landrecords/index.php,"Book Code: ODB, Book Number: 00000A",,,,,Document,application/pdf,eng,ODB,00000A,23,3,"TOWN OF LEXINGTON, ",",",17810326,,1789000002.pdf,,record,,,,,
1789000003,"SMITH, WILLIAM granted to CRAIG, ELIJAH; CRAIG, FRANCES",1789-03-10,,,230 ACRES WATERS OF DAVIDS FORK OF ELKHORN,pp. 130-132,,,,,,Fayette County Clerks Office,,https://www.fayettedeeds.com/landrecords/index.php,"Book Code: ODB, Book Number: 00000A",,,,,Document,application/pdf,eng,ODB,00000A,23,3,"TOWN OF LEXINGTON, ",",",17810326,,1789000003.pdf,,record,,,,,
1789000004,"FERGUSON, ABRAHAM granted to CRAIG, BENJAMIN; CRAIG, ANN",1789-03-10,,,40 ACRES DAVIDS FORK OF ELKHORN,pp. 140-142,,,,,,Fayette County Clerks Office,,https://www.fayettedeeds.com/landrecords/index.php,"Book Code: ODB, Book Number: 00000A",,,,,Document,application/pdf,eng,ODB,00000A,23,3,"TOWN OF LEXINGTON, ",",",17810326,,1789000004.pdf,,record,,,,,
1789000005,"KENT, DAVID granted to LEWIS, JOHN",1789-03-06,,,230 ACRES HICKMANS CREEK,pp. 274-276,,,,,,Fayette County Clerks Office,,https://www.fayettedeeds.com/landrecords/index.php,"Book Code: ODB, Book Number: 00000A",,,,,Document,application/pdf,eng,ODB,00000A,23,3,"TOWN OF LEXINGTON, ",",",17810326,,1789000005.pdf,,record,,,,,
1789000006,"QUISENBERRY, JOHN granted to TRIBBLE, ANDREW; TRIBBLE, SARAH",1789-11-10,,,100 ACRES TWO MILE CREEK,pp. 376-378,,,,,,Fayette County Clerks Office,,https://www.fayettedeeds.com/landrecords/index.php,"Book Code: ODB, Book Number: 00000A",,,,,Document,application/pdf,eng,ODB,00000A,23,3,"TOWN OF LEXINGTON, ",",",17810326,,1789000006.pdf,,record,,,,,
1789000007,"STONE, WILLIAM granted to VANCE, JOHN; VANCE, HANNAH",1789-06-08,,,300 ACRES S. ELKHORN,pp. 389-391,,,,,,Fayette County Clerks Office,,https://www.fayettedeeds.com/landrecords/index.php,"Book Code: ODB, Book Number: 00000A",,,,,Document,application/pdf,eng,ODB,00000A,23,3,"TOWN OF LEXINGTON, ",",",17810326,,1789000007.pdf,,record,,,,,
1789000008,"STONE, WILLIAM; HOLLYMAN, MARY; NEALE, ANN; GRAY, CATHERINE; STONE, JOHN granted to STONE, WILLIAM",1793-03-01,,,BILL OF SALE; SLAVES; PERSONALTY,pp. 390-393,,,,,,Fayette County Clerks Office,,https://www.fayettedeeds.com/landrecords/index.php,"Book Code: ODB, Book Number: 00000A",,,,,Document,application/pdf,eng,ODB,00000A,23,3,"TOWN OF LEXINGTON, ",",",17810326,,1789000008.pdf,,record,,,,,
1789000009,"PETER JANUARY & SON,  granted to WALKER, MATTHEW; WALKER, ANN",1789-09-01,,,IN LOT 16 & OUT LOT 1 TOWN OF LEXINGTON,pp. 418-420,,,,,,Fayette County Clerks Office,,https://www.fayettedeeds.com/landrecords/index.php,"Book Code: ODB, Book Number: 00000A",,,,,Document,application/pdf,eng,ODB,00000A,23,3,"TOWN OF LEXINGTON, ",",",17810326,,1789000009.pdf,,record,,,,,
1790000001,"WEBB, CHARLES  granted to ASHBY, BENJAMIN; ASHBY, JANE ",1790-06-01,,,300 ACRES N ELKHORN,pp. 39-42,,,,,,Fayette County Clerks Office,,https://www.fayettedeeds.com/landrecords/index.php,"Book Code: ODB, Book Number: 00000A",,,,,Document,application/pdf,eng,ODB,00000A,23,3,"TOWN OF LEXINGTON, ",",",17810326,,1790000001.pdf,,record,,,,,
1790000003,"MONTGOMERY, ALEXANDER granted to ROBINSON, DAVID",1790-04-01,,,400 ACRES BOONES CREEK,pp. 98-100,,,,,,Fayette County Clerks Office,,https://www.fayettedeeds.com/landrecords/index.php,"Book Code: ODB, Book Number: 00000A",,,,,Document,application/pdf,eng,ODB,00000A,23,3,"TOWN OF LEXINGTON, ",",",17810326,,1790000003.pdf,,record,,,,,
1790000004,"WELLS, ISAAC granted to CRAIG, LEWIS; CRAIG, ELIZABETH",1790-06-08,,,100 ACRES WATERS OF ELKHORN,pp. 145-149,,,,,,Fayette County Clerks Office,,https://www.fayettedeeds.com/landrecords/index.php,"Book Code: ODB, Book Number: 00000A",,,,,Document,application/pdf,eng,ODB,00000A,23,3,"TOWN OF LEXINGTON, ",",",17810326,,1790000004.pdf,,record,,,,,
1790000005,"FERGUSON, BRYANT granted to CAMPBELL, JOHN",1790-12-01,,,95 ACRES HICKMAN CREEK,pp. 195-197,,,,,,Fayette County Clerks Office,,https://www.fayettedeeds.com/landrecords/index.php,"Book Code: ODB, Book Number: 00000A",,,,,Document,application/pdf,eng,ODB,00000A,23,3,"TOWN OF LEXINGTON, ",",",17810326,,1790000005.pdf,,record,,,,,
1790000006,"KAY, JOHN granted to GATEWOOD, ANDREW; GATEWOOD, MARGARET",1790-03-01,,,172 ACRES WATERS OF S ELKHORN,pp. 241-244,,,,,,Fayette County Clerks Office,,https://www.fayettedeeds.com/landrecords/index.php,"Book Code: ODB, Book Number: 00000A",,,,,Document,application/pdf,eng,ODB,00000A,23,3,"TOWN OF LEXINGTON, ",",",17810326,,1790000006.pdf,,record,,,,,
1790000007,"ALEXANDER, WILLIAM granted to CLARKE, JOHN; CLARKE, ELIZABETH",1790-09-01,,,15 ACRES FAYETTE COUNTY,pp. 293-296,,,,,,Fayette County Clerks Office,,https://www.fayettedeeds.com/landrecords/index.php,"Book Code: ODB, Book Number: 00000A",,,,,Document,application/pdf,eng,ODB,00000A,23,3,"TOWN OF LEXINGTON, ",",",17810326,,1790000007.pdf,,record,,,,,
1790000008,"CASTLE, MARTIN granted to GATEWOOD, ANDREW; GATEWOOD, MARGARET",1790-03-01,,,268 ACRES S. ELKHORN,pp. 399-401,,,,,,Fayette County Clerks Office,,https://www.fayettedeeds.com/landrecords/index.php,"Book Code: ODB, Book Number: 00000A",,,,,Document,application/pdf,eng,ODB,00000A,23,3,"TOWN OF LEXINGTON, ",",",17810326,,1790000008.pdf,,record,,,,,
1790000009,"HANCOCK, JOHN granted to CRAIG, JOHN; CRAIG, SARAH; CRAIG, ELIJAH; CRAIG, FRANCES",1790-03-01,,,100 ACRES CANE RUN,pp. 401-403,,,,,,Fayette County Clerks Office,,https://www.fayettedeeds.com/landrecords/index.php,"Book Code: ODB, Book Number: 00000A",,,,,Document,application/pdf,eng,ODB,00000A,23,3,"TOWN OF LEXINGTON, ",",",17810326,,1790000009.pdf,,record,,,,,
1790000010,"JANUARY, PETER granted to PATTERSON, ROBERT; BLAIR, SAMUEL; COBURN, JOHN; BARR, JAMES; PARKER, JAMES; MCMILLIN, SAMUEL",1790-01-01,,,"OUT LOTS NO. 2, 3, AND 4 BETWEEN 2ND AND 3RD STS.",pp. 420-423,,,,,,Fayette County Clerks Office,,https://www.fayettedeeds.com/landrecords/index.php,"Book Code: ODB, Book Number: 00000A",,,,,Document,application/pdf,eng,ODB,00000A,23,3,"TOWN OF LEXINGTON, ",",",17810326,,1790000010.pdf,,record,,,,,
1791000001,"MASTERSON, JAMES  granted to TODD, JOHN; WILKINSON, JAMES ; MARSHALL, THOMAS; COBURN, JOHN; MARSHALL, T.; MARSHALL, THOS.",1791-03-01,,,100 ACRES ADJ E LEX,pp. 5-7,,,,,,Fayette County Clerks Office,,https://www.fayettedeeds.com/landrecords/index.php,"Book Code: ODB, Book Number: 00000A",,,,,Document,application/pdf,eng,ODB,00000A,23,3,"TOWN OF LEXINGTON, ",",",17810326,,1791000001.pdf,,record,,,,,
1791000002,"ASHBY, JANE  granted to WARE, JAMES; WEBB, CHARLES ; CORDELL, JOHN",1791-05-01,,,POWER OF DOWER ACKNOWLEDGMENT,pp. 42-44,,,,,,Fayette County Clerks Office,,https://www.fayettedeeds.com/landrecords/index.php,"Book Code: ODB, Book Number: 00000A",,,,,Document,application/pdf,eng,ODB,00000A,23,3,"TOWN OF LEXINGTON, ",",",17810326,,1791000002.pdf,,record,,,,,
1791000004,"PRICE, JOHN granted to YOUNG, WILLIAM; HAYS, WILLIAM",1791-12-01,,,5 1/2 ACRES WATER OF HICKMAN; 13 ACRES WATER OF HICKMAN,pp. 89-91,,,,,,Fayette County Clerks Office,,https://www.fayettedeeds.com/landrecords/index.php,"Book Code: ODB, Book Number: 00000A",,,,,Document,application/pdf,eng,ODB,00000A,23,3,"TOWN OF LEXINGTON, ",",",17810326,,1791000004.pdf,,record,,,,,
1791000005,"TODD, LEVI granted to TODD, HANNAH",1791-08-01,,,1/2 OUT LOT 17 MAIN & HIGH ST,pp. 108-110,,,,,,Fayette County Clerks Office,,https://www.fayettedeeds.com/landrecords/index.php,"Book Code: ODB, Book Number: 00000A",,,,,Document,application/pdf,eng,ODB,00000A,23,3,"TOWN OF LEXINGTON, ",",",17810326,,1791000005.pdf,,record,,,,,
1791000006,"TODD, ROBERT  granted to TODD, LEVI",1791-07-01,,,1/2 LOT 17 MAIN & HI,pp. 109-111,,,,,,Fayette County Clerks Office,,https://www.fayettedeeds.com/landrecords/index.php,"Book Code: ODB, Book Number: 00000A",,,,,Document,application/pdf,eng,ODB,00000A,23,3,"TOWN OF LEXINGTON, ",",",17810326,,1791000006.pdf,,record,,,,,
1791000007,"TODD, LEVI granted to TODD, ROBERT",1791-07-01,,,1/2 LOT 17 MAIN & HI,pp. 109-111,,,,,,Fayette County Clerks Office,,https://www.fayettedeeds.com/landrecords/index.php,"Book Code: ODB, Book Number: 00000A",,,,,Document,application/pdf,eng,ODB,00000A,23,3,"TOWN OF LEXINGTON, ",",",17810326,,1791000007.pdf,,record,,,,,
1791000008,"PAYNE, EDWARD granted to MCCONNELL, WILLIAM; MCCONNELL, ELIZABETH",1791-06-01,,,TRACT OF LAND WATERS OF TOWN FORK OF ELKHOWN,pp. 153-155,,,,,,Fayette County Clerks Office,,https://www.fayettedeeds.com/landrecords/index.php,"Book Code: ODB, Book Number: 00000A",,,,,Document,application/pdf,eng,ODB,00000A,23,3,"TOWN OF LEXINGTON, ",",",17810326,,1791000008.pdf,,record,,,,,
1791000009,"GIBSON, WILLIAM granted to POAGE, THOMAS; POAGUE, THOMAS; POAGE, AGNESS; POAGUE, AGNESS",1791-12-01,,,200 ACRES HICKMAN'S CREEK,pp. 269-271,,,,,,Fayette County Clerks Office,,https://www.fayettedeeds.com/landrecords/index.php,"Book Code: ODB, Book Number: 00000A",,,,,Document,application/pdf,eng,ODB,00000A,23,3,"TOWN OF LEXINGTON, ",",",17810326,,1791000009.pdf,,record,,,,,
1791000010,"STONE, JEDIAH; STOUT, JEDIAH granted to LOUGHEAD, DAVID; LOUGHHEAD, ELIZABETH ",1791-12-12,,,100 ACRES,pp. 305-307,,,,,,Fayette County Clerks Office,,https://www.fayettedeeds.com/landrecords/index.php,"Book Code: ODB, Book Number: 00000A",,,,,Document,application/pdf,eng,ODB,00000A,23,3,"TOWN OF LEXINGTON, ",",",17810326,,1791000010.pdf,,record,,,,,
1791000011,"PAYNE JR., EDWARD granted to FERRELL, SAMUEL; HAWKINS, MARTIN; HAWKINS, ELIZABETH",1791-04-13,,,250 ACRES,pp. 372-375,,,,,,Fayette County Clerks Office,,https://www.fayettedeeds.com/landrecords/index.php,"Book Code: ODB, Book Number: 00000A",,,,,Document,application/pdf,eng,ODB,00000A,23,3,"TOWN OF LEXINGTON, ",",",17810326,,1791000011.pdf,,record,,,,,
1791000012,"PAYNE JR., EDWARD granted to FERRELL, RICHARD; HAWKINS, JAMES",1791-04-13,,,TITLE BOND,pp. 374-376,,,,,,Fayette County Clerks Office,,https://www.fayettedeeds.com/landrecords/index.php,"Book Code: ODB, Book Number: 00000A",,,,,Document,application/pdf,eng,ODB,00000A,23,3,"TOWN OF LEXINGTON, ",",",17810326,,1791000012.pdf,,record,,,,,
1791000013,"CAMPBELL, ROBERT granted to PATTERSON, ROBERT; BLAIR, SAMUEL; BARR, ROBERT; PARKER, JAMES; PARKER, ROBERT; MCMILLIN, SAMUEL ; COBURN, JOHN",1791-09-01,,,2 LOTS HIGH STREET AND WATER STREET AND LOT NO. 73 BETWEEN 5TH AND 6TH STREETS,pp. 412-415,,,,,,Fayette County Clerks Office,,https://www.fayettedeeds.com/landrecords/index.php,"Book Code: ODB, Book Number: 00000A",,,,,Document,application/pdf,eng,ODB,00000A,23,3,"TOWN OF LEXINGTON, ",",",17810326,,1791000013.pdf,,record,,,,,
1791000014,"LEIBY, GEORGE granted to HUGHES, JAMES; JANUARY, THOMAS; PATTERSON, ROBERT; TEGARDEN, GEORGE; PARKER, ALEXANDER; MORRISON, JAMES; MCALVAIN, HUGH",1796-07-01,,,LOTS 109 AND 110 ON 7TH STREET,pp. 415-417,,,,,,Fayette County Clerks Office,,https://www.fayettedeeds.com/landrecords/index.php,"Book Code: ODB, Book Number: 00000A",,,,,Document,application/pdf,eng,ODB,00000A,23,3,"TOWN OF LEXINGTON, ",",",17810326,,1791000014.pdf,,record,,,,,
1791000015,"GOODWIN, JAMES COLEMAN granted to BARTLETT, HARRY; BARTLETT, SARAH",1791-07-01,,,100 ACRES,pp. 428-431,,,,,,Fayette County Clerks Office,,https://www.fayettedeeds.com/landrecords/index.php,"Book Code: ODB, Book Number: 00000A",,,,,Document,application/pdf,eng,ODB,00000A,23,3,"TOWN OF LEXINGTON, ",",",17810326,,1791000015.pdf,,record,,,,,
1791000016,"GRAVES, FRANKY; GRAVES, FRANKEY granted to BARTLETT, HARRY; BARTLETT, SARAH",1791-07-01,,,100 ACRES,pp. 431-434,,,,,,Fayette County Clerks Office,,https://www.fayettedeeds.com/landrecords/index.php,"Book Code: ODB, Book Number: 00000A",,,,,Document,application/pdf,eng,ODB,00000A,23,3,"TOWN OF LEXINGTON, ",",",17810326,,1791000016.pdf,,record,,,,,
1792000001,"TODD, LEVI granted to TODD, JOHN; CROCKETT, JOSEPH ; BUTLER, PERCIVIAL; BARR, ROBERT",1792-06-01,,,100 ACRES W WATERS OF HICKMAN CREEK,pp. 103-105,,,,,,Fayette County Clerks Office,,https://www.fayettedeeds.com/landrecords/index.php,"Book Code: ODB, Book Number: 00000A",,,,,Document,application/pdf,eng,ODB,00000A,23,3,"TOWN OF LEXINGTON, ",",",17810326,,1792000001.pdf,,record,,,,,
1792000002,"CRAIG, JOSEPH granted to CRAIG, LEWIS; CRAIG, BETTY",1792-06-01,,,30 ACRES FAYETTE COUNTY,pp. 113-115,,,,,,Fayette County Clerks Office,,https://www.fayettedeeds.com/landrecords/index.php,"Book Code: ODB, Book Number: 00000A",,,,,Document,application/pdf,eng,ODB,00000A,23,3,"TOWN OF LEXINGTON, ",",",17810326,,1792000002.pdf,,record,,,,,
1792000003,"SMITH, WILLIAM granted to CRAIG, BENJAMIN; CRAIG, ANN",1792-12-01,,,220 ACRES FAYETTE COUNTY,pp. 129-131,,,,,,Fayette County Clerks Office,,https://www.fayettedeeds.com/landrecords/index.php,"Book Code: ODB, Book Number: 00000A",,,,,Document,application/pdf,eng,ODB,00000A,23,3,"TOWN OF LEXINGTON, ",",",17810326,,1792000003.pdf,,record,,,,,
1792000004,"SCOTT, WILLIAM granted to SCOTT, MARGARET; NICHOLAS, JOHN; SCOTT, ANDREW",1792-12-01,,,117 AND 1/2 ACRES DAVIDS FORK OF ELKHORN,pp. 150-153,,,,,,Fayette County Clerks Office,,https://www.fayettedeeds.com/landrecords/index.php,"Book Code: ODB, Book Number: 00000A",,,,,Document,application/pdf,eng,ODB,00000A,23,3,"TOWN OF LEXINGTON, ",",",17810326,,1792000004.pdf,,record,,,,,
1792000005,"SMITH, WILLIAM granted to CRONCH, JOHN; CRONCH, MARY",1792-06-01,,,140 ACRES WATERS OF ELKHORN CREEK,pp. 190-192,,,,,,Fayette County Clerks Office,,https://www.fayettedeeds.com/landrecords/index.php,"Book Code: ODB, Book Number: 00000A",,,,,Document,application/pdf,eng,ODB,00000A,23,3,"TOWN OF LEXINGTON, ",",",17810326,,1792000005.pdf,,record,,,,,
1792000006,"SCOTT, JAMES granted to SCOTT, MARGARET; NICHOLS, JOHN; SCOTT, ANDREW",1792-12-01,,,150 ACRES DAVID'S FORK,pp. 255-258,,,,,,Fayette County Clerks Office,,https://www.fayettedeeds.com/landrecords/index.php,"Book Code: ODB, Book Number: 00000A",,,,,Document,application/pdf,eng,ODB,00000A,23,3,"TOWN OF LEXINGTON, ",",",17810326,,1792000006.pdf,,record,,,,,
1792000007,"ESTIS, JOHN granted to JOHNSON, ROBERT; CRAIG, ELIJAH; CRAIG, JOHN",1792-06-13,,,145 1/2 ACRES,pp. 331-333,,,,,,Fayette County Clerks Office,,https://www.fayettedeeds.com/landrecords/index.php,"Book Code: ODB, Book Number: 00000A",,,,,Document,application/pdf,eng,ODB,00000A,23,3,"TOWN OF LEXINGTON, ",",",17810326,,1792000007.pdf,,record,,,,,
1792000008,"KISER, JACOB granted to SHEPHARD, GEORGE; SHEPHARD, MARY ANN",1792-12-11,,,50 ACRES WATERS OF TOWN FORK OF ELKHORN,pp. 365-367,,,,,,Fayette County Clerks Office,,https://www.fayettedeeds.com/landrecords/index.php,"Book Code: ODB, Book Number: 00000A",,,,,Document,application/pdf,eng,ODB,00000A,23,3,"TOWN OF LEXINGTON, ",",",17810326,,1792000008.pdf,,record,,,,,
1792000009,"KISER, JACOB granted to SIMPSON, SAMUEL; SIMPSON, CATHERINE",1792-12-11,,,TRACT OF LAND WATERS OF TOWN FORK,pp. 367-370,,,,,,Fayette County Clerks Office,,https://www.fayettedeeds.com/landrecords/index.php,"Book Code: ODB, Book Number: 00000A",,,,,Document,application/pdf,eng,ODB,00000A,23,3,"TOWN OF LEXINGTON, ",",",17810326,,1792000009.pdf,,record,,,,,
1792000010,"JANUARY, THOMAS; JANUARY, PETER granted to GORDON, GEORGE; WINN, SALLY ",1792-12-01,,,100 ACRES ON BUCKEYE PLANTATION,pp. 422-426,,,,,,Fayette County Clerks Office,,https://www.fayettedeeds.com/landrecords/index.php,"Book Code: ODB, Book Number: 00000A",,,,,Document,application/pdf,eng,ODB,00000A,23,3,"TOWN OF LEXINGTON, ",",",17810326,,1792000010.pdf,,record,,,,,
1792000011,"GROVES, HENRY granted to CARMER, CASPER",1792-06-13,,,IN LOT ON HIGH ST.,pp. 433-436,,,,,,Fayette County Clerks Office,,https://www.fayettedeeds.com/landrecords/index.php,"Book Code: ODB, Book Number: 00000A",,,,,Document,application/pdf,eng,ODB,00000A,23,3,"TOWN OF LEXINGTON, ",",",17810326,,1792000011.pdf,,record,,,,,
1793000005,"EVANS, WILLIAM granted to SODOWSKY, JACOB",1795-01-01,,,61 ACRES WATERS OF SINKING CREEK,pp. 116-118,,,,,,Fayette County Clerks Office,,https://www.fayettedeeds.com/landrecords/index.php,"Book Code: ODB, Book Number: 00000A",,,,,Document,application/pdf,eng,ODB,00000A,23,3,"TOWN OF LEXINGTON, ",",",17810326,,1793000005.pdf,,record,,,,,
1793000006,"EMMERSON, REUBIN granted to CLEAVELAND, ELI",1793-08-01,,,70 ACRES ELKLICK BRANCH,pp. 120-122,,,,,,Fayette County Clerks Office,,https://www.fayettedeeds.com/landrecords/index.php,"Book Code: ODB, Book Number: 00000A",,,,,Document,application/pdf,eng,ODB,00000A,23,3,"TOWN OF LEXINGTON, ",",",17810326,,1793000006.pdf,,record,,,,,
1793000007,"CALDWELL, GEORGE granted to STEELE, ANDREW",1793-10-01,,,48 ACRES WATER OF S. ELKHORN CREEK,pp. 203-205,,,,,,Fayette County Clerks Office,,https://www.fayettedeeds.com/landrecords/index.php,"Book Code: ODB, Book Number: 00000A",,,,,Document,application/pdf,eng,ODB,00000A,23,3,"TOWN OF LEXINGTON, ",",",17810326,,1793000007.pdf,,record,,,,,
1793000008,"MCMURTRY, JOSEPH granted to GREENUP, CHRISTOPHER; GREENUP, CATHRINE",1793-10-01,,,180 ACRES FAYETTE COUNTY,pp. 244-247,,,,,,Fayette County Clerks Office,,https://www.fayettedeeds.com/landrecords/index.php,"Book Code: ODB, Book Number: 00000A",,,,,Document,application/pdf,eng,ODB,00000A,23,3,"TOWN OF LEXINGTON, ",",",17810326,,1793000008.pdf,,record,,,,,
1793000009,"TROUTMAN, PETER granted to ROGERS, JOHN; ROGERS, CATHRINE",1793-07-01,,,100 ACRES DAVID'S FORK,pp. 258-261,,,,,,Fayette County Clerks Office,,https://www.fayettedeeds.com/landrecords/index.php,"Book Code: ODB, Book Number: 00000A",,,,,Document,application/pdf,eng,ODB,00000A,23,3,"TOWN OF LEXINGTON, ",",",17810326,,1793000009.pdf,,record,,,,,
1793000010,"ALEXANDER, WILLIAM granted to ALEXANDER, JAMES; ALEXANDER, RACHEL",1793-01-01,,,100 ACRES FAYETTE COUNTY,pp. 295-297,,,,,,Fayette County Clerks Office,,https://www.fayettedeeds.com/landrecords/index.php,"Book Code: ODB, Book Number: 00000A",,,,,Document,application/pdf,eng,ODB,00000A,23,3,"TOWN OF LEXINGTON, ",",",17810326,,1793000010.pdf,,record,,,,,
1793000011,"PRICE, BIRD granted to CRAIG, LEWIS; CRAIG, ELIZABETH",1793-05-10,,,170 ACRES N. ELKHORN,pp. 330-332,,,,,,Fayette County Clerks Office,,https://www.fayettedeeds.com/landrecords/index.php,"Book Code: ODB, Book Number: 00000A",,,,,Document,application/pdf,eng,ODB,00000A,23,3,"TOWN OF LEXINGTON, ",",",17810326,,1793000011.pdf,,record,,,,,
1793000012,"HOLLYMAN, MARY granted to STONE, WILLIAM",1793-03-01,,,100 ACRES S. ELKHORN,pp. 393-395,,,,,,Fayette County Clerks Office,,https://www.fayettedeeds.com/landrecords/index.php,"Book Code: ODB, Book Number: 00000A",,,,,Document,application/pdf,eng,ODB,00000A,23,3,"TOWN OF LEXINGTON, ",",",17810326,,1793000012.pdf,,record,,,,,
1793000013,"STONE JR., WILLIAM granted to STONE, WILLIAM",1793-03-01,,,100 ACRES S. ELKHORN,pp. 395-397,,,,,,Fayette County Clerks Office,,https://www.fayettedeeds.com/landrecords/index.php,"Book Code: ODB, Book Number: 00000A",,,,,Document,application/pdf,eng,ODB,00000A,23,3,"TOWN OF LEXINGTON, ",",",17810326,,1793000013.pdf,,record,,,,,
1793000014,"JANUARY, THOMAS; JANUARY, PETER granted to PAYNE, EDWARD; HOLLAND, ANN; LEWIS, THOMAS; LEWIS, ELIZABETH",1793-03-01,,,FOUR POLES AND 66 FT MAIN AND UPPER STS.,pp. 426-429,,,,,,Fayette County Clerks Office,,https://www.fayettedeeds.com/landrecords/index.php,"Book Code: ODB, Book Number: 00000A",,,,,Document,application/pdf,eng,ODB,00000A,23,3,"TOWN OF LEXINGTON, ",",",17810326,,1793000014.pdf,,record,,,,,
1794000001,"MCILVAIN, ARCHIBALD  granted to MURRAY, WILLIAM; MURRAY, CATHERINE",1794-09-08,,,97 1/2 FT COR MAIN AND WALNUT ST,pp. 29-31,,,,,,Fayette County Clerks Office,,https://www.fayettedeeds.com/landrecords/index.php,"Book Code: ODB, Book Number: 00000A",,,,,Document,application/pdf,eng,ODB,00000A,23,3,"TOWN OF LEXINGTON, ",",",17810326,,1794000001.pdf,,record,,,,,
1794000004,"BRECKENRIDGE, JOHN granted to TODD, JOHN",1794-06-01,,,CORNER STONE ESTABLISHED QUIT CLAIM TO LANDS,pp. 133-140,,,,,,Fayette County Clerks Office,,https://www.fayettedeeds.com/landrecords/index.php,"Book Code: ODB, Book Number: 00000A",,,,,Document,application/pdf,eng,ODB,00000A,23,3,"TOWN OF LEXINGTON, ",",",17810326,,1794000004.pdf,,record,,,,,
1794000005,"BRECKENRIDGE, JOHN granted to TODD, JOHN",1794-06-01,,,CORNER STONE ESTABLISHED QUIT CLAIM TO LANDS,pp. 134-140,,,,,,Fayette County Clerks Office,,https://www.fayettedeeds.com/landrecords/index.php,"Book Code: ODB, Book Number: 00000A",,,,,Document,application/pdf,eng,ODB,00000A,23,3,"TOWN OF LEXINGTON, ",",",17810326,,1794000005.pdf,,record,,,,,
1794000006,"DUKE, BASIL; RIDGELY, FREDERICK granted to MCDERMID, HUGH; MCDERMID, FRANCES",1794-04-01,,,SEE DEED CORNER OF MARKET & SECOND ST; SHORT & MARKET ST; MARKET & MIDDLE ST,pp. 219-222,,,,,,Fayette County Clerks Office,,https://www.fayettedeeds.com/landrecords/index.php,"Book Code: ODB, Book Number: 00000A",,,,,Document,application/pdf,eng,ODB,00000A,23,3,"TOWN OF LEXINGTON, ",",",17810326,,1794000006.pdf,,record,,,,,
1794000007,"DUKE, BASIL granted to MOLLOY, ANTHONY; MOLLOY, PRUDENCE",1794-09-01,,,26 FT SHORT ST,pp. 222-226,,,,,,Fayette County Clerks Office,,https://www.fayettedeeds.com/landrecords/index.php,"Book Code: ODB, Book Number: 00000A",,,,,Document,application/pdf,eng,ODB,00000A,23,3,"TOWN OF LEXINGTON, ",",",17810326,,1794000007.pdf,,record,,,,,
1794000008,"EDMISTON, JOHN granted to ROBINSON, DAVID ",1794-03-01,,,200 ACRES BOONES CREEK,pp. 246-248,,,,,,Fayette County Clerks Office,,https://www.fayettedeeds.com/landrecords/index.php,"Book Code: ODB, Book Number: 00000A",,,,,Document,application/pdf,eng,ODB,00000A,23,3,"TOWN OF LEXINGTON, ",",",17810326,,1794000008.pdf,,record,,,,,
1794000009,"TROTTER, GEORGE granted to PARKER, ALEXANDER; PARKER, MARY; PARKER, JAMES; PARKER, ELIZABETH",1794-08-01,,,309 ACRES FAYETTE COUNTY,pp. 279-282,,,,,,Fayette County Clerks Office,,https://www.fayettedeeds.com/landrecords/index.php,"Book Code: ODB, Book Number: 00000A",,,,,Document,application/pdf,eng,ODB,00000A,23,3,"TOWN OF LEXINGTON, ",",",17810326,,1794000009.pdf,,record,,,,,
1794000010,"HOUGHTON, JOHN granted to MCDOWELL, SAMUEL; MCDOWELL, MARY",1794-12-01,,,100 ACRES WATERS OF CANE RUN,pp. 301-304,,,,,,Fayette County Clerks Office,,https://www.fayettedeeds.com/landrecords/index.php,"Book Code: ODB, Book Number: 00000A",,,,,Document,application/pdf,eng,ODB,00000A,23,3,"TOWN OF LEXINGTON, ",",",17810326,,1794000010.pdf,,record,,,,,
1794000011,"BLACK, ALEXANDER granted to HUSTON, WILLIAM",1794-03-11,,,118 1/2 ACRES ELKHORN,pp. 357-359,,,,,,Fayette County Clerks Office,,https://www.fayettedeeds.com/landrecords/index.php,"Book Code: ODB, Book Number: 00000A",,,,,Document,application/pdf,eng,ODB,00000A,23,3,"TOWN OF LEXINGTON, ",",",17810326,,1794000011.pdf,,record,,,,,
1794000012,"CARR, PATRICK granted to FARROW, JOSEPH ROYAL; FARRAR, JOSEPH ROYAL; FARROW, JANE; FARRAR, JANE",1794-03-01,,,30 ACRES N. ELKHORN,pp. 383-385,,,,,,Fayette County Clerks Office,,https://www.fayettedeeds.com/landrecords/index.php,"Book Code: ODB, Book Number: 00000A",,,,,Document,application/pdf,eng,ODB,00000A,23,3,"TOWN OF LEXINGTON, ",",",17810326,,1794000012.pdf,,record,,,,,
1794000013,"WORLEY, CALEB granted to MCDONALD, JOHN",1794-07-01,,,148 ACRES ON  S. ELKHORN,pp. 435-438,,,,,,Fayette County Clerks Office,,https://www.fayettedeeds.com/landrecords/index.php,"Book Code: ODB, Book Number: 00000A",,,,,Document,application/pdf,eng,ODB,00000A,23,3,"TOWN OF LEXINGTON, ",",",17810326,,1794000013.pdf,,record,,,,,
1795000001,"PARKER, MARY  ; HOWARD, BENJAMIN; BRECKENRIDGE, JOHN granted to PARKER, ALEXANDER",1795-11-01,,,SEPARATION AGREEMENT; 100 ACRES OHIO RIVER; SLAVES; PERSONALTY,pp. 67-71,,,,,,Fayette County Clerks Office,,https://www.fayettedeeds.com/landrecords/index.php,"Book Code: ODB, Book Number: 00000A",,,,,Document,application/pdf,eng,ODB,00000A,23,3,"TOWN OF LEXINGTON, ",",",17810326,,1795000001.pdf,,record,,,,,
1795000002,"EVANS, NATHANIEL granted to SODOWSKY, JACOB",1795-01-01,,,56 ACRES SINKING CREEK,pp. 114-116,,,,,,Fayette County Clerks Office,,https://www.fayettedeeds.com/landrecords/index.php,"Book Code: ODB, Book Number: 00000A",,,,,Document,application/pdf,eng,ODB,00000A,23,3,"TOWN OF LEXINGTON, ",",",17810326,,1795000002.pdf,,record,,,,,
1795000003,"EVANS JR, NATHANIEL granted to EVANS SR, NATHANIEL",1795-01-01,,,51 ACRES SINKING CREEK,pp. 117-119,,,,,,Fayette County Clerks Office,,https://www.fayettedeeds.com/landrecords/index.php,"Book Code: ODB, Book Number: 00000A",,,,,Document,application/pdf,eng,ODB,00000A,23,3,"TOWN OF LEXINGTON, ",",",17810326,,1795000003.pdf,,record,,,,,
1795000004,"HENDERSON, THOMAS granted to PRICE, SAMUEL; PRICE, ELIZABETH",1795-07-01,,,200 ACRES FAYETTE AND BOURBON COUNTIES,pp. 125-127,,,,,,Fayette County Clerks Office,,https://www.fayettedeeds.com/landrecords/index.php,"Book Code: ODB, Book Number: 00000A",,,,,Document,application/pdf,eng,ODB,00000A,23,3,"TOWN OF LEXINGTON, ",",",17810326,,1795000004.pdf,,record,,,,,
1795000005,"WILSON, NATHANIEL; RIDGELY, FREDERICK; WILSON, N; RIDGELY, F granted to SMITH, JOHN; SMITH, MARY",1795-08-01,,,LOT 11 MULBERRY ST; ONE LOT MULBERRY ST,pp. 217-220,,,,,,Fayette County Clerks Office,,https://www.fayettedeeds.com/landrecords/index.php,"Book Code: ODB, Book Number: 00000A",,,,,Document,application/pdf,eng,ODB,00000A,23,3,"TOWN OF LEXINGTON, ",",",17810326,,1795000005.pdf,,record,,,,,
1795000006,"WHITE, WILLIAM  granted to WISLON, NATHANIEL; WILSON, MARGARET",1795-02-01,,,47 FT SHORT ST,pp. 225-227,,,,,,Fayette County Clerks Office,,https://www.fayettedeeds.com/landrecords/index.php,"Book Code: ODB, Book Number: 00000A",,,,,Document,application/pdf,eng,ODB,00000A,23,3,"TOWN OF LEXINGTON, ",",",17810326,,1795000006.pdf,,record,,,,,
1795000007,"RIDGELY, FREDERICK  granted to WILSON, NATHANIEL; WILSON, MARGARET",1795-02-01,,,"DIVISION OF LAND INTO LOTS 1, 7-8, & 12 CORNER OF SHORT AND CROSS ST",pp. 227-229,,,,,,Fayette County Clerks Office,,https://www.fayettedeeds.com/landrecords/index.php,"Book Code: ODB, Book Number: 00000A",,,,,Document,application/pdf,eng,ODB,00000A,23,3,"TOWN OF LEXINGTON, ",",",17810326,,1795000007.pdf,,record,,,,,
1795000008,"MCMURTRY, JOSEPH granted to HARRISON, JAMES; TEGARDEN, GEORGE; HUGHES, JAMES; PATTERSON, ROBERT; MARSHALL, HENRY; SMITH, JOHN; HACK, JOHN",1795-07-01,,,26 FT 6IN UPPER ST,pp. 248-250,,,,,,Fayette County Clerks Office,,https://www.fayettedeeds.com/landrecords/index.php,"Book Code: ODB, Book Number: 00000A",,,,,Document,application/pdf,eng,ODB,00000A,23,3,"TOWN OF LEXINGTON, ",",",17810326,,1795000008.pdf,,record,,,,,
1795000009,"ESTIS, LITTLETON; ESTES, LITTLETON granted to WARRICK, JOHN; WARRICK, ELLENAN ; WARRICK, ELLENDER",1795-04-14,,,36 1/2 ACRES WATERS OF N ELKHORN,pp. 359-361,,,,,,Fayette County Clerks Office,,https://www.fayettedeeds.com/landrecords/index.php,"Book Code: ODB, Book Number: 00000A",,,,,Document,application/pdf,eng,ODB,00000A,23,3,"TOWN OF LEXINGTON, ",",",17810326,,1795000009.pdf,,record,,,,,
1795000010,"TROUTMAN, JACOB granted to YOUNG, LEONARD; ROGERS, JOHN; HIGGINS, JOHN; THOMAS, CHARLES",1795-07-14,,,100 ACRES DAVIDS FORK,pp. 378-381,,,,,,Fayette County Clerks Office,,https://www.fayettedeeds.com/landrecords/index.php,"Book Code: ODB, Book Number: 00000A",,,,,Document,application/pdf,eng,ODB,00000A,23,3,"TOWN OF LEXINGTON, ",",",17810326,,1795000010.pdf,,record,,,,,
1795000011,"GIST, WILLIAM granted to CAMPBELL, JOHN",1795-10-01,,,270 3/4 ACRES S. ELKHORN,pp. 381-383,,,,,,Fayette County Clerks Office,,https://www.fayettedeeds.com/landrecords/index.php,"Book Code: ODB, Book Number: 00000A",,,,,Document,application/pdf,eng,ODB,00000A,23,3,"TOWN OF LEXINGTON, ",",",17810326,,1795000011.pdf,,record,,,,,
1795000012,"MARTIN, THOMAS granted to HANCOCK, JOHN; HANCOCK, NANCY",1795-04-01,,,100 ACRES CANE RUN,pp. 403-405,,,,,,Fayette County Clerks Office,,https://www.fayettedeeds.com/landrecords/index.php,"Book Code: ODB, Book Number: 00000A",,,,,Document,application/pdf,eng,ODB,00000A,23,3,"TOWN OF LEXINGTON, ",",",17810326,,1795000012.pdf,,record,,,,,
1796000001,"DOUGHERTY, MOSES  granted to MCCONNELL, MARY; MCCONNELL, JAMES M; MCCONNELL, JOHN; MCCONNELL, MARY; MCCONNELL, ELIZABETH; MCCONNELL, JAMES ; MCCONNELL, WILLIAM ; MCCONNELL, FRANCES ; MCCONNELL, MARGARETT ; MCCONNELL, MARY; MCCONNELL, JOHN",1796-03-01,,,200 ACRES,pp. 26-28,,,,,,Fayette County Clerks Office,,https://www.fayettedeeds.com/landrecords/index.php,"Book Code: ODB, Book Number: 00000A",,,,,Document,application/pdf,eng,ODB,00000A,23,3,"TOWN OF LEXINGTON, ",",",17810326,,1796000001.pdf,,record,,,,,
1796000002,"ROSS, WILLIAM granted to COOPER, DEVALT; COOPER, MARGARET",1796-09-01,,,26 FT SHORT ST,pp. 48-51,,,,,,Fayette County Clerks Office,,https://www.fayettedeeds.com/landrecords/index.php,"Book Code: ODB, Book Number: 00000A",,,,,Document,application/pdf,eng,ODB,00000A,23,3,"TOWN OF LEXINGTON, ",",",17810326,,1796000002.pdf,,record,,,,,
1796000005,"REDMAN, WILLIAM granted to MCMILLIN, SAMUEL; MCMILLIN, ESTHER",1796-08-01,,,66 FT CROSS ST,pp. 70-72,,,,,,Fayette County Clerks Office,,https://www.fayettedeeds.com/landrecords/index.php,"Book Code: ODB, Book Number: 00000A",,,,,Document,application/pdf,eng,ODB,00000A,23,3,"TOWN OF LEXINGTON, ",",",17810326,,1796000005.pdf,,record,,,,,
1796000006,"BLEDSOE, JOHN granted to FRANK, ROBERT",1796-08-09,,,100 ACRES WATERS OF BOONES CREEK,pp. 183-184,,,,,,Fayette County Clerks Office,,https://www.fayettedeeds.com/landrecords/index.php,"Book Code: ODB, Book Number: 00000A",,,,,Document,application/pdf,eng,ODB,00000A,23,3,"TOWN OF LEXINGTON, ",",",17810326,,1796000006.pdf,,record,,,,,
1796000007,"CALDWELL, GEORGE granted to WINSTON, ISAAC; TAYLOR, GEORGE",1796-07-01,,,200 ACRES S. FORK OF ELKHORN CREEK,pp. 205-207,,,,,,Fayette County Clerks Office,,https://www.fayettedeeds.com/landrecords/index.php,"Book Code: ODB, Book Number: 00000A",,,,,Document,application/pdf,eng,ODB,00000A,23,3,"TOWN OF LEXINGTON, ",",",17810326,,1796000007.pdf,,record,,,,,
1796000008,"CHRISTIAN, WILLIAM granted to FRANK, ROBERT",1796-08-01,,,31 ACRES WATERS OF BOONES CREEK,pp. 210-212,,,,,,Fayette County Clerks Office,,https://www.fayettedeeds.com/landrecords/index.php,"Book Code: ODB, Book Number: 00000A",,,,,Document,application/pdf,eng,ODB,00000A,23,3,"TOWN OF LEXINGTON, ",",",17810326,,1796000008.pdf,,record,,,,,
1796000009,"GUSTIN, CATEY; GUSTINE, CATEY granted to GUSTIN, AMOS; GUSTINE, AMOS",1796-07-01,,,PART OF LOT 12 & 40 FT MULBBERRY ST,pp. 212-214,,,,,,Fayette County Clerks Office,,https://www.fayettedeeds.com/landrecords/index.php,"Book Code: ODB, Book Number: 00000A",,,,,Document,application/pdf,eng,ODB,00000A,23,3,"TOWN OF LEXINGTON, ",",",17810326,,1796000009.pdf,,record,,,,,
1796000010,"SMITH JR, GEORGE granted to JOHNSON, ROBERT; JOHNSON, JEMINA",1796-05-01,,,240 ACRES WATERS OF ELKHORN,pp. 228-230,,,,,,Fayette County Clerks Office,,https://www.fayettedeeds.com/landrecords/index.php,"Book Code: ODB, Book Number: 00000A",,,,,Document,application/pdf,eng,ODB,00000A,23,3,"TOWN OF LEXINGTON, ",",",17810326,,1796000010.pdf,,record,,,,,
1796000011,"BRITE, ALBERTUS granted to TRIGG, ABRAM; TRIGG, SUSANNA",1796-10-01,,,400 ACRES WATERS OF ELKHORN,pp. 298-301,,,,,,Fayette County Clerks Office,,https://www.fayettedeeds.com/landrecords/index.php,"Book Code: ODB, Book Number: 00000A",,,,,Document,application/pdf,eng,ODB,00000A,23,3,"TOWN OF LEXINGTON, ",",",17810326,,1796000011.pdf,,record,,,,,
1796000012,"ESTIS, LITTLETON; ESTES, LITTLETON granted to ANDERSON, PATTON; ANDERSON, WILLIAM P",1796-07-01,,,33 1/3 ACRES N ELKHORN,pp. 362-365,,,,,,Fayette County Clerks Office,,https://www.fayettedeeds.com/landrecords/index.php,"Book Code: ODB, Book Number: 00000A",,,,,Document,application/pdf,eng,ODB,00000A,23,3,"TOWN OF LEXINGTON, ",",",17810326,,1796000012.pdf,,record,,,,,
1796000013,"KISER, JACOB granted to SMITH, JOHN; SMITH, MARY",1796-05-10,,,INLOT NO 70 HIGH AND WATER STREET,pp. 370-372,,,,,,Fayette County Clerks Office,,https://www.fayettedeeds.com/landrecords/index.php,"Book Code: ODB, Book Number: 00000A",,,,,Document,application/pdf,eng,ODB,00000A,23,3,"TOWN OF LEXINGTON, ",",",17810326,,1796000013.pdf,,record,,,,,
1797000004,"VENABLE, ABRAHAM granted to FERGUSON, BRYANT",1797-10-01,,,200 ACRES HICKMAN CREEK,pp. 61-63,,,,,,Fayette County Clerks Office,,https://www.fayettedeeds.com/landrecords/index.php,"Book Code: ODB, Book Number: 00000A",,,,,Document,application/pdf,eng,ODB,00000A,23,3,"TOWN OF LEXINGTON, ",",",17810326,,1797000004.pdf,,record,,,,,
1797000005,"PRICE, JOHN granted to MORTON, THOMAS",1797-09-01,,,1 ACRE JOINING JOHN PRICE LAND,pp. 90-92,,,,,,Fayette County Clerks Office,,https://www.fayettedeeds.com/landrecords/index.php,"Book Code: ODB, Book Number: 00000A",,,,,Document,application/pdf,eng,ODB,00000A,23,3,"TOWN OF LEXINGTON, ",",",17810326,,1797000005.pdf,,record,,,,,
1797000006,"MONTGOMERY, ALEXANDER granted to ROBINSON, DAVID",1797-01-01,,,46 ACRES BOONES CREEK,pp. 99-101,,,,,,Fayette County Clerks Office,,https://www.fayettedeeds.com/landrecords/index.php,"Book Code: ODB, Book Number: 00000A",,,,,Document,application/pdf,eng,ODB,00000A,23,3,"TOWN OF LEXINGTON, ",",",17810326,,1797000006.pdf,,record,,,,,
1797000007,"HENDERSON, ELIZABETH; HENDERSON, JAMES; HENDERSON, DAVID; HENDERSON, SAMUEL; HENDERSON, ARCHIBALD; HENDERSON, JOHN; HENDERSON, WILLIAM granted to ROBERTSON, ALEXANDER",1797-08-18,,,120 ACRES WATERS OF CANE RUN,pp. 132-134,,,,,,Fayette County Clerks Office,,https://www.fayettedeeds.com/landrecords/index.php,"Book Code: ODB, Book Number: 00000A",,,,,Document,application/pdf,eng,ODB,00000A,23,3,"TOWN OF LEXINGTON, ",",",17810326,,1797000007.pdf,,record,,,,,
1797000008,"FERGUSON, BRYANT granted to PRESTON, ROBERT",1797-09-01,,,400 ACRES E. FORK HICKMANS CREEK,pp. 194-196,,,,,,Fayette County Clerks Office,,https://www.fayettedeeds.com/landrecords/index.php,"Book Code: ODB, Book Number: 00000A",,,,,Document,application/pdf,eng,ODB,00000A,23,3,"TOWN OF LEXINGTON, ",",",17810326,,1797000008.pdf,,record,,,,,
1797000009,"RUSSELL, JAMES; RIDGELY, FREDERICK granted to MONCRIEF, ARCHIBALD",1797-08-01,,,POWER OF ATTORNEY,pp. 214-217,,,,,,Fayette County Clerks Office,,https://www.fayettedeeds.com/landrecords/index.php,"Book Code: ODB, Book Number: 00000A",,,,,Document,application/pdf,eng,ODB,00000A,23,3,"TOWN OF LEXINGTON, ",",",17810326,,1797000009.pdf,,record,,,,,
1797000010,"HOUGHTON, JOHN granted to SIMPSON, ANDREW; SIMPSON, JANE",1797-06-12,,,54 ACRES AND 10 POLES FAYETTE COUNTY,pp. 303-306,,,,,,Fayette County Clerks Office,,https://www.fayettedeeds.com/landrecords/index.php,"Book Code: ODB, Book Number: 00000A",,,,,Document,application/pdf,eng,ODB,00000A,23,3,"TOWN OF LEXINGTON, ",",",17810326,,1797000010.pdf,,record,,,,,
1798000006,"MONTGOMERY, ALEXANDER granted to SPIERS, WILLIAM; SPIERS, CATHERINE",1798-02-01,,,25 ACRES BOONES CREEK,pp. 96-98,,,,,,Fayette County Clerks Office,,https://www.fayettedeeds.com/landrecords/index.php,"Book Code: ODB, Book Number: 00000A",,,,,Document,application/pdf,eng,ODB,00000A,23,3,"TOWN OF LEXINGTON, ",",",17810326,,1798000006.pdf,,record,,,,,
1798000007,"SMITH, FRANCIS granted to SMITH, GEORGE",1798-04-01,,,TRACT OF LAND,pp. 230-231,,,,,,Fayette County Clerks Office,,https://www.fayettedeeds.com/landrecords/index.php,"Book Code: ODB, Book Number: 00000A",,,,,Document,application/pdf,eng,ODB,00000A,23,3,"TOWN OF LEXINGTON, ",",",17810326,,1798000007.pdf,,record,,,,,
1798000008,"COTTON, HENRY granted to WINN, GEORGE; WINN, LETTICE",1798-03-03,,,200 ACRES FAYETTE COUNTY,pp. 282-285,,,,,,Fayette County Clerks Office,,https://www.fayettedeeds.com/landrecords/index.php,"Book Code: ODB, Book Number: 00000A",,,,,Document,application/pdf,eng,ODB,00000A,23,3,"TOWN OF LEXINGTON, ",",",17810326,,1798000008.pdf,,record,,,,,
1798000009,"STOUT, JEDIAH granted to LONGHEAD, DAVID; LAUGHED, DAVID",1798-05-11,,,1/2 ACRE CANE RUN,pp. 307-309,,,,,,Fayette County Clerks Office,,https://www.fayettedeeds.com/landrecords/index.php,"Book Code: ODB, Book Number: 00000A",,,,,Document,application/pdf,eng,ODB,00000A,23,3,"TOWN OF LEXINGTON, ",",",17810326,,1798000009.pdf,,record,,,,,
1798000010,"BELL, CLEMENT granted to VANCE, DAVID; PATTERSON, ROBERT; PAYNE, EDWARD; CALDWELL, GEORGE",1804-02-13,,,180 ACRES S. ELKHORN,pp. 309-311,,,,,,Fayette County Clerks Office,,https://www.fayettedeeds.com/landrecords/index.php,"Book Code: ODB, Book Number: 00000A",,,,,Document,application/pdf,eng,ODB,00000A,23,3,"TOWN OF LEXINGTON, ",",",17810326,,1798000010.pdf,,record,,,,,
1798000011,"NEAL, CHARLES; NEALE, CHARLES granted to COVENHAVEN, LEVI; COVENHAVEN, CATHARINE; COVENHAVEN, CATHERINE",1798-09-01,,,43 ACRES 2 RODS 36 POLES S. ELKHORN,pp. 349-351,,,,,,Fayette County Clerks Office,,https://www.fayettedeeds.com/landrecords/index.php,"Book Code: ODB, Book Number: 00000A",,,,,Document,application/pdf,eng,ODB,00000A,23,3,"TOWN OF LEXINGTON, ",",",17810326,,1798000011.pdf,,record,,,,,
1798000012,"ESTIS, LITTLETON; ESTES, LITTLETON granted to DARNABY, EDWARD; DARNABY, MILDRED",1798-07-01,,,26 10/16 ACRES WATERS OF N ELKHORN,pp. 360-362,,,,,,Fayette County Clerks Office,,https://www.fayettedeeds.com/landrecords/index.php,"Book Code: ODB, Book Number: 00000A",,,,,Document,application/pdf,eng,ODB,00000A,23,3,"TOWN OF LEXINGTON, ",",",17810326,,1798000012.pdf,,record,,,,,
1798000013,"STONE, WILLIAM granted to COVENHAVEN, LEVI; COVENHAVEN, CATHERINE",1798-09-01,,,50 1/2 ACRES S. ELKHORN,pp. 397-399,,,,,,Fayette County Clerks Office,,https://www.fayettedeeds.com/landrecords/index.php,"Book Code: ODB, Book Number: 00000A",,,,,Document,application/pdf,eng,ODB,00000A,23,3,"TOWN OF LEXINGTON, ",",",17810326,,1798000013.pdf,,record,,,,,
1798000014,"KIRTLY, FRANCIS granted to VAUGHAN, SHADRACK",1798-02-01,,,1000 ACRES N. ELKHORN,pp. 405-408,,,,,,Fayette County Clerks Office,,https://www.fayettedeeds.com/landrecords/index.php,"Book Code: ODB, Book Number: 00000A",,,,,Document,application/pdf,eng,ODB,00000A,23,3,"TOWN OF LEXINGTON, ",",",17810326,,1798000014.pdf,,record,,,,,
1799000003,"CHRISTIAN, WILLIAM granted to WADE, RICHARD; WADE, JUDITH",1799-04-08,,,20 ACRES WATERS OF BOONES CREEK,pp. 208-210,,,,,,Fayette County Clerks Office,,https://www.fayettedeeds.com/landrecords/index.php,"Book Code: ODB, Book Number: 00000A",,,,,Document,application/pdf,eng,ODB,00000A,23,3,"TOWN OF LEXINGTON, ",",",17810326,,1799000003.pdf,,record,,,,,
1800000003,"PAYNE, HENRY granted to VANCE, JOHN; VANCE, DAVID",1800-04-01,,,170 ACRES WATERS OF STEELE RUN,pp. 59-62,,,,,,Fayette County Clerks Office,,https://www.fayettedeeds.com/landrecords/index.php,"Book Code: ODB, Book Number: 00000A",,,,,Document,application/pdf,eng,ODB,00000A,23,3,"TOWN OF LEXINGTON, ",",",17810326,,1800000003.pdf,,record,,,,,
1800000004,"FALCONER, LEWIS granted to CRAIG, LEWIS; CRAIG, ELIZABETH",1800-05-01,,,107 ACRES SOUTH ELKHORN,pp. 62-64,,,,,,Fayette County Clerks Office,,https://www.fayettedeeds.com/landrecords/index.php,"Book Code: ODB, Book Number: 00000A",,,,,Document,application/pdf,eng,ODB,00000A,23,3,"TOWN OF LEXINGTON, ",",",17810326,,1800000004.pdf,,record,,,,,
1800000005,"MCCALLA, DANIEL; MCCALLA, ELIZABETH granted to TODD, ANDREW; TODD, MARY",1800-06-28,,,450 ACRES LOUISA CO VIRGINIA,pp. 64-68,,,,,,Fayette County Clerks Office,,https://www.fayettedeeds.com/landrecords/index.php,"Book Code: ODB, Book Number: 00000A",,,,,Document,application/pdf,eng,ODB,00000A,23,3,"TOWN OF LEXINGTON, ",",",17810326,,1800000005.pdf,,record,,,,,
1800000006,"TODD, ANDREW; TODD, MARY granted to MCCALLA, DANIEL; MCCALLA, ELIZABETH",1800-06-28,,,256 ACRES ELKHORN CREEK,pp. 64-68,,,,,,Fayette County Clerks Office,,https://www.fayettedeeds.com/landrecords/index.php,"Book Code: ODB, Book Number: 00000A",,,,,Document,application/pdf,eng,ODB,00000A,23,3,"TOWN OF LEXINGTON, ",",",17810326,,1800000006.pdf,,record,,,,,
1801000005,"NUNNELY, WILLIAM BEDFORD; NUNNELY, ANDERSON; NUNNELY, ROBERT COLEMAN granted to NUNNELLY, WILLIAM B",1801-05-26,,,62 1/2 ACRES BOONES CREEK; SLAVES; PERSONALTY,pp. 92-94,,,,,,Fayette County Clerks Office,,https://www.fayettedeeds.com/landrecords/index.php,"Book Code: ODB, Book Number: 00000A",,,,,Document,application/pdf,eng,ODB,00000A,23,3,"TOWN OF LEXINGTON, ",",",17810326,,1801000005.pdf,,record,,,,,
1801000006,"GRANT, JOHN granted to TODD, LEVI",1801-09-28,,,45 ACRES LICKING CREEK,pp. 158-160,,,,,,Fayette County Clerks Office,,https://www.fayettedeeds.com/landrecords/index.php,"Book Code: ODB, Book Number: 00000A",,,,,Document,application/pdf,eng,ODB,00000A,23,3,"TOWN OF LEXINGTON, ",",",17810326,,1801000006.pdf,,record,,,,,
1802000002,"PAYNE, HENRY granted to LEWIS, THOMAS; LEWIS, ELIZABETH",1802-04-12,,,323 1/2 ACRES TOWN FORK ELKHORN CREEK,pp. 79-81,,,,,,Fayette County Clerks Office,,https://www.fayettedeeds.com/landrecords/index.php,"Book Code: ODB, Book Number: 00000A",,,,,Document,application/pdf,eng,ODB,00000A,23,3,"TOWN OF LEXINGTON, ",",",17810326,,1802000002.pdf,,record,,,,,
1802000003,"CARR, WALTER granted to SHELBY, ISAAC",1802-01-11,,,180 ACRES; 80 ACRES,pp. 118-120,,,,,,Fayette County Clerks Office,,https://www.fayettedeeds.com/landrecords/index.php,"Book Code: ODB, Book Number: 00000A",,,,,Document,application/pdf,eng,ODB,00000A,23,3,"TOWN OF LEXINGTON, ",",",17810326,,1802000003.pdf,,record,,,,,
1802000004,"TODD, LEVI granted to GRANT, JOHN; GRANT, SQUIRE ",1802-01-11,,,120 ACRES CAMPBELL COUNTY,pp. 156-159,,,,,,Fayette County Clerks Office,,https://www.fayettedeeds.com/landrecords/index.php,"Book Code: ODB, Book Number: 00000A",,,,,Document,application/pdf,eng,ODB,00000A,23,3,"TOWN OF LEXINGTON, ",",",17810326,,1802000004.pdf,,record,,,,,
1802000005,"BYANT, DANIEL granted to TODD, LEVI",1802-02-15,,,ADJUSTMENT TO INTERFERING LAND CLAIMS,pp. 176-180,,,,,,Fayette County Clerks Office,,https://www.fayettedeeds.com/landrecords/index.php,"Book Code: ODB, Book Number: 00000A",,,,,Document,application/pdf,eng,ODB,00000A,23,3,"TOWN OF LEXINGTON, ",",",17810326,,1802000005.pdf,,record,,,,,
1802000006,"SMITH, ELIJAH; SMITH, HANNAH; PARKER, JOHN; TODD, LEVI granted to LYTLE, WILLIAM",1802-01-11,,,SEE DEED 1000 ACRES,pp. 320-323,,,,,,Fayette County Clerks Office,,https://www.fayettedeeds.com/landrecords/index.php,"Book Code: ODB, Book Number: 00000A",,,,,Document,application/pdf,eng,ODB,00000A,23,3,"TOWN OF LEXINGTON, ",",",17810326,,1802000006.pdf,,record,,,,,
1803000001,"QUARLES, ROGER granted to FERREE, JACOB",1803-02-14,,,452 ACRES CANE RUN,pp. 8-10,,,,,,Fayette County Clerks Office,,https://www.fayettedeeds.com/landrecords/index.php,"Book Code: ODB, Book Number: 00000A",,,,,Document,application/pdf,eng,ODB,00000A,23,3,"TOWN OF LEXINGTON, ",",",17810326,,1803000001.pdf,,record,,,,,
1803000002,"BOSWELL, JOSEPH granted to FARRIS, EBENEZER",1803-02-14,,,48 FT MULBERRY NEAR 2ND ST,pp. 9-11,,,,,,Fayette County Clerks Office,,https://www.fayettedeeds.com/landrecords/index.php,"Book Code: ODB, Book Number: 00000A",,,,,Document,application/pdf,eng,ODB,00000A,23,3,"TOWN OF LEXINGTON, ",",",17810326,,1803000002.pdf,,record,,,,,
1803000003,"TURNER, FIDDING LEWIS granted to BOSWELL, JOSEPH",1803-02-14,,,48 FT MULBERRY ST NEAR 2ND ST,pp. 11-13,,,,,,Fayette County Clerks Office,,https://www.fayettedeeds.com/landrecords/index.php,"Book Code: ODB, Book Number: 00000A",,,,,Document,application/pdf,eng,ODB,00000A,23,3,"TOWN OF LEXINGTON, ",",",17810326,,1803000003.pdf,,record,,,,,
1803000004,"BRAMBARGER, FREDERICK  granted to CLARK, WILLIAM",1803-01-24,,,63 A 1R 5 P TOWN FORK,pp. 13-15,,,,,,Fayette County Clerks Office,,https://www.fayettedeeds.com/landrecords/index.php,"Book Code: ODB, Book Number: 00000A",,,,,Document,application/pdf,eng,ODB,00000A,23,3,"TOWN OF LEXINGTON, ",",",17810326,,1803000004.pdf,,record,,,,,
1803000005,"COLLINS, BARTLETT; FERREL, JACOB granted to FERREL, JACOB",1803-02-14,,,POWER OF ATTORNEY,pp. 14-16,,,,,,Fayette County Clerks Office,,https://www.fayettedeeds.com/landrecords/index.php,"Book Code: ODB, Book Number: 00000A",,,,,Document,application/pdf,eng,ODB,00000A,23,3,"TOWN OF LEXINGTON, ",",",17810326,,1803000005.pdf,,record,,,,,
1803000006,"MCCANN, NEAL granted to ELLIS, HENRY; ELLIS, JOHN; ELLIS, WILLIAM",1803-02-14,,,APPRENTICESHIP BOND,pp. 16-18,,,,,,Fayette County Clerks Office,,https://www.fayettedeeds.com/landrecords/index.php,"Book Code: ODB, Book Number: 00000A",,,,,Document,application/pdf,eng,ODB,00000A,23,3,"TOWN OF LEXINGTON, ",",",17810326,,1803000006.pdf,,record,,,,,
1803000007,"WILSON, NATHANIEL; RIDGILEY, FREDERICK granted to CARR, WALTER; SHERIFF OF FAYETTE COUNTY, ; TROTTER, JAMES; YOUNG, LEORARD; KENNEDY, THOMAS; KENNEDY, DIANA",1803-02-14,,,"40 POLES CROSS ST SHORT TO 2ND ST. LOT ""E""",pp. 18-22,,,,,,Fayette County Clerks Office,,https://www.fayettedeeds.com/landrecords/index.php,"Book Code: ODB, Book Number: 00000A",,,,,Document,application/pdf,eng,ODB,00000A,23,3,"TOWN OF LEXINGTON, ",",",17810326,,1803000007.pdf,,record,,,,,
1803000009,"HUNT, JOHN granted to BRYAN, SAMUEL; BRYAN, MARY",1803-03-14,,,133 1/2 ACRES FAYETTE & BOURBON COUNTIES,pp. 31-33,,,,,,Fayette County Clerks Office,,https://www.fayettedeeds.com/landrecords/index.php,"Book Code: ODB, Book Number: 00000A",,,,,Document,application/pdf,eng,ODB,00000A,23,3,"TOWN OF LEXINGTON, ",",",17810326,,1803000009.pdf,,record,,,,,
1803000010,"HERSMAN, GEORGE; HERSHAM, GEORGE  granted to ROGERS, JOHN; ROGERS, CATHERINE ",1803-03-14,,,9 1/2 ACRES,pp. 33-35,,,,,,Fayette County Clerks Office,,https://www.fayettedeeds.com/landrecords/index.php,"Book Code: ODB, Book Number: 00000A",,,,,Document,application/pdf,eng,ODB,00000A,23,3,"TOWN OF LEXINGTON, ",",",17810326,,1803000010.pdf,,record,,,,,
1803000011,"BULLOCK, WINGFIELD  granted to BULLOCK, JAMES ",1803-03-14,,,198 ACRES WOODFORD COUNTY,pp. 35-36,,,,,,Fayette County Clerks Office,,https://www.fayettedeeds.com/landrecords/index.php,"Book Code: ODB, Book Number: 00000A",,,,,Document,application/pdf,eng,ODB,00000A,23,3,"TOWN OF LEXINGTON, ",",",17810326,,1803000011.pdf,,record,,,,,
1803000012,"BARLOW, WILLIAM granted to BAYLOR, WALKER ; BAYLOR, JANE ",1803-03-15,,,770 ACRES OHIO,pp. 36-38,,,,,,Fayette County Clerks Office,,https://www.fayettedeeds.com/landrecords/index.php,"Book Code: ODB, Book Number: 00000A",,,,,Document,application/pdf,eng,ODB,00000A,23,3,"TOWN OF LEXINGTON, ",",",17810326,,1803000012.pdf,,record,,,,,
1803000013,"BURRIER, JOHN granted to BLYTHE, JAMES ; BLYTHE, MARGARET",1803-03-14,,,152 ACRES S ELKHORN,pp. 37-40,,,,,,Fayette County Clerks Office,,https://www.fayettedeeds.com/landrecords/index.php,"Book Code: ODB, Book Number: 00000A",,,,,Document,application/pdf,eng,ODB,00000A,23,3,"TOWN OF LEXINGTON, ",",",17810326,,1803000013.pdf,,record,,,,,
1803000014,"MONTGOMERY, ALEXANDER granted to ROBINSON, DAVID ",1803-03-18,,,118 ACRES FAYETTE & CLARK COUNTIES,pp. 44-46,,,,,,Fayette County Clerks Office,,https://www.fayettedeeds.com/landrecords/index.php,"Book Code: ODB, Book Number: 00000A",,,,,Document,application/pdf,eng,ODB,00000A,23,3,"TOWN OF LEXINGTON, ",",",17810326,,1803000014.pdf,,record,,,,,
1803000015,"ANDERSON, WILLIAM granted to MITCHELL, DAVID ; MITCHELL, MARGARETT",1803-03-20,,,TRACT OF LAND CANE RUN,pp. 46-48,,,,,,Fayette County Clerks Office,,https://www.fayettedeeds.com/landrecords/index.php,"Book Code: ODB, Book Number: 00000A",,,,,Document,application/pdf,eng,ODB,00000A,23,3,"TOWN OF LEXINGTON, ",",",17810326,,1803000015.pdf,,record,,,,,
1803000017,"TIDSLON, PETER granted to GREEGER, PETER",1803-04-04,,,POWER OF ATTORNEY TO RECEIVE PROPERTY OF C. GREEGER ESTATE,pp. 48-49,,,,,,Fayette County Clerks Office,,https://www.fayettedeeds.com/landrecords/index.php,"Book Code: ODB, Book Number: 00000A",,,,,Document,application/pdf,eng,ODB,00000A,23,3,"TOWN OF LEXINGTON, ",",",17810326,,1803000017.pdf,,record,,,,,
1803000021,"WOODRUFF, AARON granted to TODD, LEVI; FAYETTE COUNTY CLERK, ; MONAHAN, JAMES",1803-04-11,,,APPRENTICESHIP BOND,pp. 51-52,,,,,,Fayette County Clerks Office,,https://www.fayettedeeds.com/landrecords/index.php,"Book Code: ODB, Book Number: 00000A",,,,,Document,application/pdf,eng,ODB,00000A,23,3,"TOWN OF LEXINGTON, ",",",17810326,,1803000021.pdf,,record,,,,,
1803000022,"CLARKE, JAMES granted to WARRICK, JOHN; WARRICK, JACOB ; WARRICK, JANE ",1803-04-01,,,50 ACRES N FORK OF ELKHORN CREEK,pp. 54-56,,,,,,Fayette County Clerks Office,,https://www.fayettedeeds.com/landrecords/index.php,"Book Code: ODB, Book Number: 00000A",,,,,Document,application/pdf,eng,ODB,00000A,23,3,"TOWN OF LEXINGTON, ",",",17810326,,1803000022.pdf,,record,,,,,
1803000062,"TURNER, FIELDING LEWIS  granted to FAYETTE COUNTY SHERIFF, ; FARRIS, EBENEZER",1803-04-01,,,74 FEET MULBERRY ST,pp. 55-57,,,,,,Fayette County Clerks Office,,https://www.fayettedeeds.com/landrecords/index.php,"Book Code: ODB, Book Number: 00000A",,,,,Document,application/pdf,eng,ODB,00000A,23,3,"TOWN OF LEXINGTON, ",",",17810326,,1803000062.pdf,,record,,,,,
1803000063,"MARSHALL, ROBERT granted to WINN, ADAM; WINN JR, GEORGE; WINN, MILLIE",1803-04-01,,,13 1/4 ACRES ELKLICK,pp. 57-58,,,,,,Fayette County Clerks Office,,https://www.fayettedeeds.com/landrecords/index.php,"Book Code: ODB, Book Number: 00000A",,,,,Document,application/pdf,eng,ODB,00000A,23,3,"TOWN OF LEXINGTON, ",",",17810326,,1803000063.pdf,,record,,,,,
1803000064,"MARSHALL, ROBERT  granted to WINN, ADAM; WINN SR, GEORGE; WINN, LETTICE ",1803-04-01,,,70 ACRES ELKLICK,pp. 58-59,,,,,,Fayette County Clerks Office,,https://www.fayettedeeds.com/landrecords/index.php,"Book Code: ODB, Book Number: 00000A",,,,,Document,application/pdf,eng,ODB,00000A,23,3,"TOWN OF LEXINGTON, ",",",17810326,,1803000064.pdf,,record,,,,,
1803000065,"HYNES, JOHN granted to STONE, JACOB; STONE, GEORGE",1803-04-26,,,POWER OF ATTORNEY,pp. 72-73,,,,,,Fayette County Clerks Office,,https://www.fayettedeeds.com/landrecords/index.php,"Book Code: ODB, Book Number: 00000A",,,,,Document,application/pdf,eng,ODB,00000A,23,3,"TOWN OF LEXINGTON, ",",",17810326,,1803000065.pdf,,record,,,,,
1803000066,"LEWIS, THOMAS granted to PAYNE, HENRY; PAYNE, ANNE",1803-05-01,,,187 ACRES OF TOWN FORK ELKHORN,pp. 81-83,,,,,,Fayette County Clerks Office,,https://www.fayettedeeds.com/landrecords/index.php,"Book Code: ODB, Book Number: 00000A",,,,,Document,application/pdf,eng,ODB,00000A,23,3,"TOWN OF LEXINGTON, ",",",17810326,,1803000066.pdf,,record,,,,,
1803000067,"LEWIS, THOMAS granted to PAYNE, HENRY; PAYNE, ANNE",1803-05-01,,,131 3/4 ACRES TOWN FORK OF ELKHORN,pp. 83-85,,,,,,Fayette County Clerks Office,,https://www.fayettedeeds.com/landrecords/index.php,"Book Code: ODB, Book Number: 00000A",,,,,Document,application/pdf,eng,ODB,00000A,23,3,"TOWN OF LEXINGTON, ",",",17810326,,1803000067.pdf,,record,,,,,
1803000068,"MONTGOMERY, ROBINSON granted to MONTGOMERY, ALEXANDER",1803-05-28,,,200 ACRES WATERS OF BOONE CREEK,pp. 101-103,,,,,,Fayette County Clerks Office,,https://www.fayettedeeds.com/landrecords/index.php,"Book Code: ODB, Book Number: 00000A",,,,,Document,application/pdf,eng,ODB,00000A,23,3,"TOWN OF LEXINGTON, ",",",17810326,,1803000068.pdf,,record,,,,,
1803000069,"MCKEE, SAMUEL granted to RUSSELL, MARY O",1803-05-26,,,175 ACRES E WATERS OF HICKMAN CREEK,pp. 102-104,,,,,,Fayette County Clerks Office,,https://www.fayettedeeds.com/landrecords/index.php,"Book Code: ODB, Book Number: 00000A",,,,,Document,application/pdf,eng,ODB,00000A,23,3,"TOWN OF LEXINGTON, ",",",17810326,,1803000069.pdf,,record,,,,,
1803000070,"HARSTLE, ANTHONY granted to WINN SR, GEORGE; WINN, LETTICE",1803-06-11,,,70 ACRES ELKLICK BRANCH,pp. 122-124,,,,,,Fayette County Clerks Office,,https://www.fayettedeeds.com/landrecords/index.php,"Book Code: ODB, Book Number: 00000A",,,,,Document,application/pdf,eng,ODB,00000A,23,3,"TOWN OF LEXINGTON, ",",",17810326,,1803000070.pdf,,record,,,,,
1803000071,"BARNES, MOSES granted to BARNES, BRINSLY; BARNES, ISABELLA",1803-06-13,,,50 ACRES,pp. 123-125,,,,,,Fayette County Clerks Office,,https://www.fayettedeeds.com/landrecords/index.php,"Book Code: ODB, Book Number: 00000A",,,,,Document,application/pdf,eng,ODB,00000A,23,3,"TOWN OF LEXINGTON, ",",",17810326,,1803000071.pdf,,record,,,,,
1803000072,"GEORGE, WILLIAM granted to BERRY, JOHN; BERRY, NANCY",1803-07-09,,,200 ACRES FLOYDS FORK OF BOONE CREEK,pp. 152-154,,,,,,Fayette County Clerks Office,,https://www.fayettedeeds.com/landrecords/index.php,"Book Code: ODB, Book Number: 00000A",,,,,Document,application/pdf,eng,ODB,00000A,23,3,"TOWN OF LEXINGTON, ",",",17810326,,1803000072.pdf,,record,,,,,
1803000073,"SMITH, ALEXANDER granted to JOHNSON, ROBERT; JOHNSON, ROBERT; JOHNSON, ELIJAH; CRAIG, JOHN",1803-07-11,,,24 ACRES WATERS OF CANE RUN,pp. 155-157,,,,,,Fayette County Clerks Office,,https://www.fayettedeeds.com/landrecords/index.php,"Book Code: ODB, Book Number: 00000A",,,,,Document,application/pdf,eng,ODB,00000A,23,3,"TOWN OF LEXINGTON, ",",",17810326,,1803000073.pdf,,record,,,,,
1803000074,"SIDENOR, LAWRENCE granted to SIDENOR SR, MARTIN",1803-07-11,,,51 AND 3/4 ACRES FAYETTE COUNTY,pp. 160-162,,,,,,Fayette County Clerks Office,,https://www.fayettedeeds.com/landrecords/index.php,"Book Code: ODB, Book Number: 00000A",,,,,Document,application/pdf,eng,ODB,00000A,23,3,"TOWN OF LEXINGTON, ",",",17810326,,1803000074.pdf,,record,,,,,
1803000075,"SIDENOR, PHILIP granted to SIDENOR SR, MARTIN",1803-07-11,,,51 AND 3/4 ACRES FAYETTE COUNTY,pp. 161-163,,,,,,Fayette County Clerks Office,,https://www.fayettedeeds.com/landrecords/index.php,"Book Code: ODB, Book Number: 00000A",,,,,Document,application/pdf,eng,ODB,00000A,23,3,"TOWN OF LEXINGTON, ",",",17810326,,1803000075.pdf,,record,,,,,
1803000076,"SIDENOR, HENRY granted to SIDENOR SR, MARTIN",1803-07-11,,,51 AND 3/4 ACRES FAYETTE COUNTY,pp. 163-165,,,,,,Fayette County Clerks Office,,https://www.fayettedeeds.com/landrecords/index.php,"Book Code: ODB, Book Number: 00000A",,,,,Document,application/pdf,eng,ODB,00000A,23,3,"TOWN OF LEXINGTON, ",",",17810326,,1803000076.pdf,,record,,,,,
1803000077,"SIDENOR, FREDERICK granted to SIDENOR SR, MARTIN",1803-07-16,,,51 AND 3/4 ACRES FAYETTE COUNTY,pp. 164-166,,,,,,Fayette County Clerks Office,,https://www.fayettedeeds.com/landrecords/index.php,"Book Code: ODB, Book Number: 00000A",,,,,Document,application/pdf,eng,ODB,00000A,23,3,"TOWN OF LEXINGTON, ",",",17810326,,1803000077.pdf,,record,,,,,
1803000078,"SIDENOR, PETER granted to SIDENOR SR, MARTIN",1803-07-11,,,51 AND 3/4 ACRES FAYETTE COUNTY,pp. 166-167,,,,,,Fayette County Clerks Office,,https://www.fayettedeeds.com/landrecords/index.php,"Book Code: ODB, Book Number: 00000A",,,,,Document,application/pdf,eng,ODB,00000A,23,3,"TOWN OF LEXINGTON, ",",",17810326,,1803000078.pdf,,record,,,,,
1803000079,"SIDENOR, CONRAD granted to SIDENOR SR, MARTIN",1803-07-11,,,51 AND 3/4 ACRES FAYETTE COUNTY,pp. 167-169,,,,,,Fayette County Clerks Office,,https://www.fayettedeeds.com/landrecords/index.php,"Book Code: ODB, Book Number: 00000A",,,,,Document,application/pdf,eng,ODB,00000A,23,3,"TOWN OF LEXINGTON, ",",",17810326,,1803000079.pdf,,record,,,,,
1803000080,"GRANT, SQUIRE granted to GRANT, WILLIAM",1803-07-11,,,570 ACRES WATERS OF ELKHORN CREEK,pp. 168-170,,,,,,Fayette County Clerks Office,,https://www.fayettedeeds.com/landrecords/index.php,"Book Code: ODB, Book Number: 00000A",,,,,Document,application/pdf,eng,ODB,00000A,23,3,"TOWN OF LEXINGTON, ",",",17810326,,1803000080.pdf,,record,,,,,
1803000081,"SIDENOR SR, MARTIN granted to GRANT, SQUIRE",1803-07-11,,,570 ACRES WATERS OF ELKHORN CREEK,pp. 170-171,,,,,,Fayette County Clerks Office,,https://www.fayettedeeds.com/landrecords/index.php,"Book Code: ODB, Book Number: 00000A",,,,,Document,application/pdf,eng,ODB,00000A,23,3,"TOWN OF LEXINGTON, ",",",17810326,,1803000081.pdf,,record,,,,,
1803000082,"GRANT JR, WILLIAM granted to GRANT, WILLIAM; GRANT, ELIZABETH",1803-07-11,,,600 ACRES WATERS OF LITTLE N ELKHORN,pp. 171-173,,,,,,Fayette County Clerks Office,,https://www.fayettedeeds.com/landrecords/index.php,"Book Code: ODB, Book Number: 00000A",,,,,Document,application/pdf,eng,ODB,00000A,23,3,"TOWN OF LEXINGTON, ",",",17810326,,1803000082.pdf,,record,,,,,
1803000083,"JONES, DAVID granted to BULLOCK, NATHANIEL; BULLOCK, CATHERINE; BLYTHE, WILLIAM; BLYTHE, CHRISTINA",1803-07-11,,,15 ACRES WATERS OF BOFFMANS FORK OF BOONES CREEK,pp. 173-174,,,,,,Fayette County Clerks Office,,https://www.fayettedeeds.com/landrecords/index.php,"Book Code: ODB, Book Number: 00000A",,,,,Document,application/pdf,eng,ODB,00000A,23,3,"TOWN OF LEXINGTON, ",",",17810326,,1803000083.pdf,,record,,,,,
1803000084,"EDDLEMAN, PETER granted to BULLOCK, NATHANIEL; BULLOCK, CATHERINE; BLYTHE, WILLIAM; BLYTHE, CHRISTINA",1803-07-11,,,64 ACRES WATERS OF BOFFMANS FORK OF BOONES CREEK,pp. 174-176,,,,,,Fayette County Clerks Office,,https://www.fayettedeeds.com/landrecords/index.php,"Book Code: ODB, Book Number: 00000A",,,,,Document,application/pdf,eng,ODB,00000A,23,3,"TOWN OF LEXINGTON, ",",",17810326,,1803000084.pdf,,record,,,,,
1803000085,"TINSLEY, WILLIAM granted to BULLOCK, NATHANIEL; BULLOCK, CATHERINE; BLYTHE, WILLIAM; BLYTHE, CHRISTINA",1803-07-11,,,26 ACRES WATERS OF BOFFMANS FORK OF BOONES CREEK,pp. 175-177,,,,,,Fayette County Clerks Office,,https://www.fayettedeeds.com/landrecords/index.php,"Book Code: ODB, Book Number: 00000A",,,,,Document,application/pdf,eng,ODB,00000A,23,3,"TOWN OF LEXINGTON, ",",",17810326,,1803000085.pdf,,record,,,,,
1803000086,"BRYANT, DANIEL granted to TODD, LEVI",1803-07-27,,,20 ACRES 2 ROODS 15 POLES HICKMAN CREEK,pp. 179-182,,,,,,Fayette County Clerks Office,,https://www.fayettedeeds.com/landrecords/index.php,"Book Code: ODB, Book Number: 00000A",,,,,Document,application/pdf,eng,ODB,00000A,23,3,"TOWN OF LEXINGTON, ",",",17810326,,1803000086.pdf,,record,,,,,
1803000087,"MARSHALL, ROBERT; JONES, ROGER; GRIMES, BENJAMIN granted to BRINK, HIBERT; BRINK, ROBERT; BRADBURN, JOSEPH; BRADBURN, GRACY",1803-08-01,,,2 ACRES WATERS OF BOGGS FORK OF BOONES CREEK,pp. 181-183,,,,,,Fayette County Clerks Office,,https://www.fayettedeeds.com/landrecords/index.php,"Book Code: ODB, Book Number: 00000A",,,,,Document,application/pdf,eng,ODB,00000A,23,3,"TOWN OF LEXINGTON, ",",",17810326,,1803000087.pdf,,record,,,,,
1803000088,"PARRISH, BENJAMIN granted to TODD, LEVI; FAYETTE COUNTY CLERK, ; WILSON, SAMUEL",1803-07-01,,,APPRENTICESHIP BOND,pp. 184-185,,,,,,Fayette County Clerks Office,,https://www.fayettedeeds.com/landrecords/index.php,"Book Code: ODB, Book Number: 00000A",,,,,Document,application/pdf,eng,ODB,00000A,23,3,"TOWN OF LEXINGTON, ",",",17810326,,1803000088.pdf,,record,,,,,
1803000089,"FISHER, JOHN granted to TODD, LEVI; FAYETTE COUNTY CLERK, ; LAYTON, DANIEL",1803-07-01,,,APPRENTICESHIP BOND,pp. 185-186,,,,,,Fayette County Clerks Office,,https://www.fayettedeeds.com/landrecords/index.php,"Book Code: ODB, Book Number: 00000A",,,,,Document,application/pdf,eng,ODB,00000A,23,3,"TOWN OF LEXINGTON, ",",",17810326,,1803000089.pdf,,record,,,,,
1803000090,"COMMONWEALTH OF KENTUCKY, ; GOVERNOR OF KENTUCKY,  granted to PARKER, JOHN; CARR, WALTER; YOUNG, AMBROSE; ALLEN, RICHARD; HIGGINS, RICHARD; FAYETTE COUNTY SHERIFF, ",1803-07-01,,,BONDS AS SHERIFF,pp. 185-187,,,,,,Fayette County Clerks Office,,https://www.fayettedeeds.com/landrecords/index.php,"Book Code: ODB, Book Number: 00000A",,,,,Document,application/pdf,eng,ODB,00000A,23,3,"TOWN OF LEXINGTON, ",",",17810326,,1803000090.pdf,,record,,,,,
1803000091,"COMMONWEALTH OF KENTUCKY, ; GOVERNOR OF KENTUCKY,  granted to PARKER, JOHN; CARR, WALTER; YOUNG, AMBROSE; ALLEN, RICHARD; HIGGINS, RICHARD; FAYETTE COUNTY SHERIFF, ",1803-07-01,,,BONDS AS SHERIFF,pp. 186-188,,,,,,Fayette County Clerks Office,,https://www.fayettedeeds.com/landrecords/index.php,"Book Code: ODB, Book Number: 00000A",,,,,Document,application/pdf,eng,ODB,00000A,23,3,"TOWN OF LEXINGTON, ",",",17810326,,1803000091.pdf,,record,,,,,
1803000092,"SMITH, WILLIAM granted to SMITH, BENJAMIN; SMITH, NANCY",1803-08-08,,,97 ACRES WATERS OF N. ELKHORN CREEK,pp. 192-194,,,,,,Fayette County Clerks Office,,https://www.fayettedeeds.com/landrecords/index.php,"Book Code: ODB, Book Number: 00000A",,,,,Document,application/pdf,eng,ODB,00000A,23,3,"TOWN OF LEXINGTON, ",",",17810326,,1803000092.pdf,,record,,,,,
1803000093,"TODD, LEVI granted to TODD, ROBERT; TODD, ANN",1803-08-15,,,135 ACRES BOONSBOROUGH ROAD AND W. FORK HICKMANS CREEK,pp. 197-198,,,,,,Fayette County Clerks Office,,https://www.fayettedeeds.com/landrecords/index.php,"Book Code: ODB, Book Number: 00000A",,,,,Document,application/pdf,eng,ODB,00000A,23,3,"TOWN OF LEXINGTON, ",",",17810326,,1803000093.pdf,,record,,,,,
1803000094,"RODES, CLIFTON granted to CRAIG, JOSEPH",1803-08-17,,,198 ACRES DAVIDS FORK OF ELKHORN,pp. 199-201,,,,,,Fayette County Clerks Office,,https://www.fayettedeeds.com/landrecords/index.php,"Book Code: ODB, Book Number: 00000A",,,,,Document,application/pdf,eng,ODB,00000A,23,3,"TOWN OF LEXINGTON, ",",",17810326,,1803000094.pdf,,record,,,,,
1803000095,"VALENDINGHAM, RICHARD granted to MORGAN, CHARLES",1803-06-13,,,60 ACRES WATERS OF BOONES CREEK,pp. 206-208,,,,,,Fayette County Clerks Office,,https://www.fayettedeeds.com/landrecords/index.php,"Book Code: ODB, Book Number: 00000A",,,,,Document,application/pdf,eng,ODB,00000A,23,3,"TOWN OF LEXINGTON, ",",",17810326,,1803000095.pdf,,record,,,,,
1803000096,"FINLEY, JAMES; WARREN, WILLIAM granted to TODD, LEVI; TODD, JANE",1803-09-30,,,1000 ACRES BOONE COUNTY,pp. 231-233,,,,,,Fayette County Clerks Office,,https://www.fayettedeeds.com/landrecords/index.php,"Book Code: ODB, Book Number: 00000A",,,,,Document,application/pdf,eng,ODB,00000A,23,3,"TOWN OF LEXINGTON, ",",",17810326,,1803000096.pdf,,record,,,,,
1803000097,"CHRISTIAN, WILLIAM granted to FRANKS, ROBERT",1803-09-12,,,40 ACRES BOONES CREEK,pp. 233-235,,,,,,Fayette County Clerks Office,,https://www.fayettedeeds.com/landrecords/index.php,"Book Code: ODB, Book Number: 00000A",,,,,Document,application/pdf,eng,ODB,00000A,23,3,"TOWN OF LEXINGTON, ",",",17810326,,1803000097.pdf,,record,,,,,
1803000098,"PARRISH, JAMES granted to JOHNSON, ROBERT; CRAIG, ELIJAH; CRAIG, JOHN",1803-10-10,,,123 ACRES,pp. 261-263,,,,,,Fayette County Clerks Office,,https://www.fayettedeeds.com/landrecords/index.php,"Book Code: ODB, Book Number: 00000A",,,,,Document,application/pdf,eng,ODB,00000A,23,3,"TOWN OF LEXINGTON, ",",",17810326,,1803000098.pdf,,record,,,,,
1803000099,"ROGERS, JOHN granted to ROGERS, JOSEPH; ROGERS, JENNY",1803-10-01,,,387 1/2 ACRES ELKHORN CREEK,pp. 263-265,,,,,,Fayette County Clerks Office,,https://www.fayettedeeds.com/landrecords/index.php,"Book Code: ODB, Book Number: 00000A",,,,,Document,application/pdf,eng,ODB,00000A,23,3,"TOWN OF LEXINGTON, ",",",17810326,,1803000099.pdf,,record,,,,,
1803000100,"TODD, WILLIAM; PARKER, ROBERT granted to PARKER, JOHN",1803-11-01,,,"31 1/2 FT MAIN, CROSS, AND SHORT STS",pp. 267-269,,,,,,Fayette County Clerks Office,,https://www.fayettedeeds.com/landrecords/index.php,"Book Code: ODB, Book Number: 00000A",,,,,Document,application/pdf,eng,ODB,00000A,23,3,"TOWN OF LEXINGTON, ",",",17810326,,1803000100.pdf,,record,,,,,
1803000101,"BRITTENHAN, GERMAN granted to PARRISH, JAMES; PARRISH, SUSANNAH",1803-12-12,,,TRACT OF LAND BOONES CREEK,pp. 272-274,,,,,,Fayette County Clerks Office,,https://www.fayettedeeds.com/landrecords/index.php,"Book Code: ODB, Book Number: 00000A",,,,,Document,application/pdf,eng,ODB,00000A,23,3,"TOWN OF LEXINGTON, ",",",17810326,,1803000101.pdf,,record,,,,,
1804000034,"SMITH, WILLIAM granted to TODD, LEVI; FAYETTE COUNTY CLERK, ; GROOM, JAMES",1804-01-09,,,APPRENTICESHIP BOND,pp. 275-277,,,,,,Fayette County Clerks Office,,https://www.fayettedeeds.com/landrecords/index.php,"Book Code: ODB, Book Number: 00000A",,,,,Document,application/pdf,eng,ODB,00000A,23,3,"TOWN OF LEXINGTON, ",",",17810326,,1804000034.pdf,,record,,,,,
1804000035,"STOUT, JOHN W. granted to TODD, LEVI; FAYETTE COUNTY CLERK, ; INGRAM, JOSIAH",1804-01-09,,,APPRENTICESHIP BOND,pp. 276-277,,,,,,Fayette County Clerks Office,,https://www.fayettedeeds.com/landrecords/index.php,"Book Code: ODB, Book Number: 00000A",,,,,Document,application/pdf,eng,ODB,00000A,23,3,"TOWN OF LEXINGTON, ",",",17810326,,1804000035.pdf,,record,,,,,
1804000036,"PATRICK, CHARLES granted to PATRICK, JOHN",1804-01-09,,,116 ACRES ELKHORN,pp. 277-279,,,,,,Fayette County Clerks Office,,https://www.fayettedeeds.com/landrecords/index.php,"Book Code: ODB, Book Number: 00000A",,,,,Document,application/pdf,eng,ODB,00000A,23,3,"TOWN OF LEXINGTON, ",",",17810326,,1804000036.pdf,,record,,,,,
1804000037,"WILLIAMSON, WILLIAM granted to CAVINS, EDWARD",1804-02-11,,,20 3/4 ACRES TOWN FORK ELKORN,pp. 284-286,,,,,,Fayette County Clerks Office,,https://www.fayettedeeds.com/landrecords/index.php,"Book Code: ODB, Book Number: 00000A",,,,,Document,application/pdf,eng,ODB,00000A,23,3,"TOWN OF LEXINGTON, ",",",17810326,,1804000037.pdf,,record,,,,,
1804000038,"HOUGHTON, JOHN granted to TODD, LEVI; FAYETTE COUNTY CLERK, ; WILGUS, ELIZABETH; WILGUS, JOHN",1804-02-13,,,APPRENTICESHIP BOND,pp. 286-287,,,,,,Fayette County Clerks Office,,https://www.fayettedeeds.com/landrecords/index.php,"Book Code: ODB, Book Number: 00000A",,,,,Document,application/pdf,eng,ODB,00000A,23,3,"TOWN OF LEXINGTON, ",",",17810326,,1804000038.pdf,,record,,,,,
1804000039,"BRYAN, DANIEL granted to TODD, LEVI; FAYETTE COUNTY CLERK, ; RICHARDSON, WILLIAM; RICHARDSON, JOHN; RICHARDSON, ROBERT",1804-02-13,,,APPRENTICESHIP BOND,pp. 286-288,,,,,,Fayette County Clerks Office,,https://www.fayettedeeds.com/landrecords/index.php,"Book Code: ODB, Book Number: 00000A",,,,,Document,application/pdf,eng,ODB,00000A,23,3,"TOWN OF LEXINGTON, ",",",17810326,,1804000039.pdf,,record,,,,,
1804000040,"MCCHORD, JAMES granted to TODD, LEVI; FAYETTE COUNTY CLERK, ; WILGUSS, ANDREW; WILGUSS, JOHN",1804-02-13,,,APPRENTICESHIP BOND,pp. 287-289,,,,,,Fayette County Clerks Office,,https://www.fayettedeeds.com/landrecords/index.php,"Book Code: ODB, Book Number: 00000A",,,,,Document,application/pdf,eng,ODB,00000A,23,3,"TOWN OF LEXINGTON, ",",",17810326,,1804000040.pdf,,record,,,,,
1804000041,"HOLMES, ROBERT granted to TODD, LEVI; FAYETTE COUNTY CLERK, ; CARTER, JAMES; CARTER, CHARLES",1804-02-13,,,APPRENTICESHIP BOND,pp. 288-290,,,,,,Fayette County Clerks Office,,https://www.fayettedeeds.com/landrecords/index.php,"Book Code: ODB, Book Number: 00000A",,,,,Document,application/pdf,eng,ODB,00000A,23,3,"TOWN OF LEXINGTON, ",",",17810326,,1804000041.pdf,,record,,,,,
1804000042,"ASHTON, RICHARD granted to TODD, LEVI; FAYETTE COUNTY CLERK, ; INGRAM, SAMUEL",1804-02-13,,,APPRENTICESHIP BOND,pp. 289-291,,,,,,Fayette County Clerks Office,,https://www.fayettedeeds.com/landrecords/index.php,"Book Code: ODB, Book Number: 00000A",,,,,Document,application/pdf,eng,ODB,00000A,23,3,"TOWN OF LEXINGTON, ",",",17810326,,1804000042.pdf,,record,,,,,
1804000043,"DAVID,  granted to STONE, GEORGE",1804-02-13,,,DEED OF EMANCIPATION,pp. 290-291,,,,,,Fayette County Clerks Office,,https://www.fayettedeeds.com/landrecords/index.php,"Book Code: ODB, Book Number: 00000A",,,,,Document,application/pdf,eng,ODB,00000A,23,3,"TOWN OF LEXINGTON, ",",",17810326,,1804000043.pdf,,record,,,,,
1804000044,"LYTHIE, JACOB granted to CALDWELL, MATTHEW; CALDWELL, MARY",1804-02-13,,,40 ACRES N. ELKHORN,pp. 290-292,,,,,,Fayette County Clerks Office,,https://www.fayettedeeds.com/landrecords/index.php,"Book Code: ODB, Book Number: 00000A",,,,,Document,application/pdf,eng,ODB,00000A,23,3,"TOWN OF LEXINGTON, ",",",17810326,,1804000044.pdf,,record,,,,,
1804000045,"ALEXANDER, WILLIAM granted to BELL, JOHN; BELL, DAVID",1804-02-13,,,27 ACRES 3 QUARTERS AND 12 POLES WATERS OF E FORK HICKMANS CREEK,pp. 297-299,,,,,,Fayette County Clerks Office,,https://www.fayettedeeds.com/landrecords/index.php,"Book Code: ODB, Book Number: 00000A",,,,,Document,application/pdf,eng,ODB,00000A,23,3,"TOWN OF LEXINGTON, ",",",17810326,,1804000045.pdf,,record,,,,,
1804000046,"BELL, CLEMENT granted to VANCE, DAVID; PATTERSON, ROBERT; PAYNE, EDWARD; CALDWELL, GEORGE",1804-02-13,,,135 ACRES S. ELKHORN,pp. 311-313,,,,,,Fayette County Clerks Office,,https://www.fayettedeeds.com/landrecords/index.php,"Book Code: ODB, Book Number: 00000A",,,,,Document,application/pdf,eng,ODB,00000A,23,3,"TOWN OF LEXINGTON, ",",",17810326,,1804000046.pdf,,record,,,,,
1804000047,"VANCE, JOHN granted to BELL, CLEMENT; VANCE, JOSEPH; VANCE, JAMES; PASTER, JOHN; VANCE, DAVID",1804-02-16,,,ASSIGN UNDIVIDED INTEREST OF 100 ACRES,pp. 312-314,,,,,,Fayette County Clerks Office,,https://www.fayettedeeds.com/landrecords/index.php,"Book Code: ODB, Book Number: 00000A",,,,,Document,application/pdf,eng,ODB,00000A,23,3,"TOWN OF LEXINGTON, ",",",17810326,,1804000047.pdf,,record,,,,,
1804000048,"VANCE, JOHN granted to BELL, CLEMENT; VANCE, JOSEPH; VANCE, JAMES; PASTER, JOHN; VANCE, DAVID",1804-02-16,,,ASSIGN 100 ACRES,pp. 312-314,,,,,,Fayette County Clerks Office,,https://www.fayettedeeds.com/landrecords/index.php,"Book Code: ODB, Book Number: 00000A",,,,,Document,application/pdf,eng,ODB,00000A,23,3,"TOWN OF LEXINGTON, ",",",17810326,,1804000048.pdf,,record,,,,,
1804000049,"GRIMES, JAMES granted to JONES, JOHN; JONES, CATY; JONES, CATEY",1804-02-13,,,22 1/2 ACRES BOONES CREEK,pp. 313-315,,,,,,Fayette County Clerks Office,,https://www.fayettedeeds.com/landrecords/index.php,"Book Code: ODB, Book Number: 00000A",,,,,Document,application/pdf,eng,ODB,00000A,23,3,"TOWN OF LEXINGTON, ",",",17810326,,1804000049.pdf,,record,,,,,
1804000050,"STEVENSON, MARY granted to JOHNSON, ROBERT; CRAIG, ELIJAH; JOHNSON, ROBERT; CRAIG, JOHN",1804-02-28,,,200 ACRES,pp. 315-317,,,,,,Fayette County Clerks Office,,https://www.fayettedeeds.com/landrecords/index.php,"Book Code: ODB, Book Number: 00000A",,,,,Document,application/pdf,eng,ODB,00000A,23,3,"TOWN OF LEXINGTON, ",",",17810326,,1804000050.pdf,,record,,,,,
1804000051,"BRINK, HIBERT; BRINK, ROBERT; BRADBURN, GRACY granted to JONES, JOHN; JONES, CATY; JONES, GRACY",1804-02-13,,,112 3/4 ACRES BOGGS FORK OF BOONES CREEK,pp. 317-319,,,,,,Fayette County Clerks Office,,https://www.fayettedeeds.com/landrecords/index.php,"Book Code: ODB, Book Number: 00000A",,,,,Document,application/pdf,eng,ODB,00000A,23,3,"TOWN OF LEXINGTON, ",",",17810326,,1804000051.pdf,,record,,,,,
1804000052,"STIVERS, ROBERT granted to CLEVELAND, ELI",1804-02-21,,,107 1/2 ACRES ELKLICK,pp. 318-320,,,,,,Fayette County Clerks Office,,https://www.fayettedeeds.com/landrecords/index.php,"Book Code: ODB, Book Number: 00000A",,,,,Document,application/pdf,eng,ODB,00000A,23,3,"TOWN OF LEXINGTON, ",",",17810326,,1804000052.pdf,,record,,,,,
1804000053,"ROGERS, JOHN granted to ROGERS, JOSEPH; ROGERS, JANE",1804-03-15,,,387 1/2 ACRES N. ELKHORN,pp. 323-325,,,,,,Fayette County Clerks Office,,https://www.fayettedeeds.com/landrecords/index.php,"Book Code: ODB, Book Number: 00000A",,,,,Document,application/pdf,eng,ODB,00000A,23,3,"TOWN OF LEXINGTON, ",",",17810326,,1804000053.pdf,,record,,,,,
1804000054,"NICHOLS, FREDERICK granted to HICKMAN, JAMES; HICKMAN, HANNAH",1804-03-16,,,100 ACRES BOONES CREEK,pp. 325-327,,,,,,Fayette County Clerks Office,,https://www.fayettedeeds.com/landrecords/index.php,"Book Code: ODB, Book Number: 00000A",,,,,Document,application/pdf,eng,ODB,00000A,23,3,"TOWN OF LEXINGTON, ",",",17810326,,1804000054.pdf,,record,,,,,
1804000055,"PAUL, PETER  granted to TODD, LEVI; FAYETTE COUNTY CLERK, ; WALKER, FRANCIS",1804-04-09,,,APPRENTICESHIP BOND,pp. 326-327,,,,,,Fayette County Clerks Office,,https://www.fayettedeeds.com/landrecords/index.php,"Book Code: ODB, Book Number: 00000A",,,,,Document,application/pdf,eng,ODB,00000A,23,3,"TOWN OF LEXINGTON, ",",",17810326,,1804000055.pdf,,record,,,,,
1804000056,"FISHER, MADDOX granted to TODD, LEVI; FAYETTE COUNTY CLERK, ; DOWNS, HENRY",1804-04-09,,,APPRENTICESHIP BOND,pp. 327-328,,,,,,Fayette County Clerks Office,,https://www.fayettedeeds.com/landrecords/index.php,"Book Code: ODB, Book Number: 00000A",,,,,Document,application/pdf,eng,ODB,00000A,23,3,"TOWN OF LEXINGTON, ",",",17810326,,1804000056.pdf,,record,,,,,
1804000057,"FISHER, MADDOX granted to TODD, LEVI; FAYETTE COUNTY CLERK, ; DAVIS, ROBERT",1804-04-09,,,APPRENTICESHIP BOND,pp. 327-329,,,,,,Fayette County Clerks Office,,https://www.fayettedeeds.com/landrecords/index.php,"Book Code: ODB, Book Number: 00000A",,,,,Document,application/pdf,eng,ODB,00000A,23,3,"TOWN OF LEXINGTON, ",",",17810326,,1804000057.pdf,,record,,,,,
1804000058,"FISHER, MADDOX granted to TODD, LEVI; FAYETTE COUNTY CLERK, ; WILSON, JOHN",1804-04-09,,,APPRENTICESHIP BOND,pp. 328-329,,,,,,Fayette County Clerks Office,,https://www.fayettedeeds.com/landrecords/index.php,"Book Code: ODB, Book Number: 00000A",,,,,Document,application/pdf,eng,ODB,00000A,23,3,"TOWN OF LEXINGTON, ",",",17810326,,1804000058.pdf,,record,,,,,
1804000059,"FISHER, MADDOX granted to TODD, LEVI; FAYETTE COUNTY CLERK, ; CHIPLEY, STEPHEN",1804-04-09,,,APPRENTICESHIP BOND,pp. 329-330,,,,,,Fayette County Clerks Office,,https://www.fayettedeeds.com/landrecords/index.php,"Book Code: ODB, Book Number: 00000A",,,,,Document,application/pdf,eng,ODB,00000A,23,3,"TOWN OF LEXINGTON, ",",",17810326,,1804000059.pdf,,record,,,,,
1804000060,"FISHER, JOHN granted to TODD, LEVI; FAYETTE COUNTY CLERK, ; SULLIVAN, SAMUEL",1804-04-09,,,APPRENTICESHIP BOND,pp. 329-331,,,,,,Fayette County Clerks Office,,https://www.fayettedeeds.com/landrecords/index.php,"Book Code: ODB, Book Number: 00000A",,,,,Document,application/pdf,eng,ODB,00000A,23,3,"TOWN OF LEXINGTON, ",",",17810326,,1804000060.pdf,,record,,,,,
1804000061,"ALEXANDER, WILLIAM granted to MCPHEETERS, CHARLES",1804-04-14,,,12 ACRES,pp. 333-334,,,,,,Fayette County Clerks Office,,https://www.fayettedeeds.com/landrecords/index.php,"Book Code: ODB, Book Number: 00000A",,,,,Document,application/pdf,eng,ODB,00000A,23,3,"TOWN OF LEXINGTON, ",",",17810326,,1804000061.pdf,,record,,,,,
1804000062,"TODD, JOHN; TODD, ANDREW; MOORE, JAMES; TODD, ROBERT; TODD, JOHN; PENNINGTON, JOHN TODD; MCCALLA, ELIZABETH; MCCALLA, DANIEL; TODD, SARAH granted to TODD, JOHN; TODD, ANDREW ; MOORE, JAMES; TODD, ROBERT; TODD, JOHN; MCCALLA, DANIEL; PENNINGTON, JOHN TODD; MCCALLA, ELIZABETH; TODD, SARAH",1804-04-19,,,MEMORANDUM OF PARTITION AGREEMENT,pp. 334-336,,,,,,Fayette County Clerks Office,,https://www.fayettedeeds.com/landrecords/index.php,"Book Code: ODB, Book Number: 00000A",,,,,Document,application/pdf,eng,ODB,00000A,23,3,"TOWN OF LEXINGTON, ",",",17810326,,1804000062.pdf,,record,,,,,
1804000063,"HAYS, WILLIAM granted to MARSHALL, STEPHEN; MARSHALL, LUCY",1804-04-25,,,970 ACRES BULLITT COUNTY,pp. 336-338,,,,,,Fayette County Clerks Office,,https://www.fayettedeeds.com/landrecords/index.php,"Book Code: ODB, Book Number: 00000A",,,,,Document,application/pdf,eng,ODB,00000A,23,3,"TOWN OF LEXINGTON, ",",",17810326,,1804000063.pdf,,record,,,,,
1804000064,"HAMMONDS, JOHN granted to OVERTON, WALLER; OVERTON, MARTHA",1804-04-26,,,132 1/2 ACRES WOODFORD COUNTY,pp. 337-339,,,,,,Fayette County Clerks Office,,https://www.fayettedeeds.com/landrecords/index.php,"Book Code: ODB, Book Number: 00000A",,,,,Document,application/pdf,eng,ODB,00000A,23,3,"TOWN OF LEXINGTON, ",",",17810326,,1804000064.pdf,,record,,,,,
1804000065,"RUCKER, AHMED granted to OVERTON, WALLER; OVERTON, MARTHA",1804-04-26,,,65 ACRES WOODFORD COUNTY,pp. 339-341,,,,,,Fayette County Clerks Office,,https://www.fayettedeeds.com/landrecords/index.php,"Book Code: ODB, Book Number: 00000A",,,,,Document,application/pdf,eng,ODB,00000A,23,3,"TOWN OF LEXINGTON, ",",",17810326,,1804000065.pdf,,record,,,,,
1804000066,"CHRISTOPHER, WILLIAM granted to OVERTON, WALLER; OVERTON, MARTHA",1804-04-26,,,65 ACRES WOODFORD COUNTY,pp. 341-343,,,,,,Fayette County Clerks Office,,https://www.fayettedeeds.com/landrecords/index.php,"Book Code: ODB, Book Number: 00000A",,,,,Document,application/pdf,eng,ODB,00000A,23,3,"TOWN OF LEXINGTON, ",",",17810326,,1804000066.pdf,,record,,,,,
1804000067,"PULLIN, WILLIAM granted to OVERTON, WALLER; OVERTON, MARTHA",1804-04-26,,,110 1/2 ACRES WOODFORD COUNTY,pp. 342-344,,,,,,Fayette County Clerks Office,,https://www.fayettedeeds.com/landrecords/index.php,"Book Code: ODB, Book Number: 00000A",,,,,Document,application/pdf,eng,ODB,00000A,23,3,"TOWN OF LEXINGTON, ",",",17810326,,1804000067.pdf,,record,,,,,
1804000068,"HOAGLAND, WILLIAM granted to TODD, LEVI; FAYETTE COUNTY CLERK, ; WILGUSS, MARY; WILGUSS, JOHN",1804-05-14,,,APPRENTICESHIP BOND,pp. 352-354,,,,,,Fayette County Clerks Office,,https://www.fayettedeeds.com/landrecords/index.php,"Book Code: ODB, Book Number: 00000A",,,,,Document,application/pdf,eng,ODB,00000A,23,3,"TOWN OF LEXINGTON, ",",",17810326,,1804000068.pdf,,record,,,,,
1804000069,"BENTLY, JAMES granted to CLEVELAND, ELI",1804-05-18,,,81 1/2 ACRES BOGGS FORK,pp. 353-355,,,,,,Fayette County Clerks Office,,https://www.fayettedeeds.com/landrecords/index.php,"Book Code: ODB, Book Number: 00000A",,,,,Document,application/pdf,eng,ODB,00000A,23,3,"TOWN OF LEXINGTON, ",",",17810326,,1804000069.pdf,,record,,,,,
1804000070,"THOMAS, CHARLES granted to ELLIOTT, GEORGE",1804-05-14,,,100 ACRES CUMBERLAND RIVER,pp. 354-356,,,,,,Fayette County Clerks Office,,https://www.fayettedeeds.com/landrecords/index.php,"Book Code: ODB, Book Number: 00000A",,,,,Document,application/pdf,eng,ODB,00000A,23,3,"TOWN OF LEXINGTON, ",",",17810326,,1804000070.pdf,,record,,,,,
1804000071,"PROCTOR, GEORGE granted to ELLIOTT, GEORGE",1804-05-14,,,100 ACRES CUMBERLAND RIVER,pp. 355-357,,,,,,Fayette County Clerks Office,,https://www.fayettedeeds.com/landrecords/index.php,"Book Code: ODB, Book Number: 00000A",,,,,Document,application/pdf,eng,ODB,00000A,23,3,"TOWN OF LEXINGTON, ",",",17810326,,1804000071.pdf,,record,,,,,
1804000072,"CLAY, GREEN granted to BEALL, ARCHIBALD; BEALL, MILLEY",1804-06-11,,,242 ACRES KENTUCKY RIVER BOTH SIDES,pp. 384-387,,,,,,Fayette County Clerks Office,,https://www.fayettedeeds.com/landrecords/index.php,"Book Code: ODB, Book Number: 00000A",,,,,Document,application/pdf,eng,ODB,00000A,23,3,"TOWN OF LEXINGTON, ",",",17810326,,1804000072.pdf,,record,,,,,
1804000073,"EATON, JONATHAN granted to COLLINS, BARTLETT; COLLINS, ELIZABETH",1804-06-13,,,100 ACRES GARRARD COUNTY,pp. 387-389,,,,,,Fayette County Clerks Office,,https://www.fayettedeeds.com/landrecords/index.php,"Book Code: ODB, Book Number: 00000A",,,,,Document,application/pdf,eng,ODB,00000A,23,3,"TOWN OF LEXINGTON, ",",",17810326,,1804000073.pdf,,record,,,,,
1804000074,"GRAVES JR., JOHN granted to MARTIN, JAMES; MARTIN, REBECCA",1804-07-06,,,100 ACRES CANE RUN,pp. 408-410,,,,,,Fayette County Clerks Office,,https://www.fayettedeeds.com/landrecords/index.php,"Book Code: ODB, Book Number: 00000A",,,,,Document,application/pdf,eng,ODB,00000A,23,3,"TOWN OF LEXINGTON, ",",",17810326,,1804000074.pdf,,record,,,,,
1804000075,"WELSH, JAMES granted to TODD, LEVI; FAYETTE COUNTY CLERK, ; RICHARDS, ELEANOR",1804-07-09,,,APPRENTICESHIP BOND,pp. 410-411,,,,,,Fayette County Clerks Office,,https://www.fayettedeeds.com/landrecords/index.php,"Book Code: ODB, Book Number: 00000A",,,,,Document,application/pdf,eng,ODB,00000A,23,3,"TOWN OF LEXINGTON, ",",",17810326,,1804000075.pdf,,record,,,,,
1804000076,"WALTON,  granted to FISHER, MADDOX",1804-07-01,,,DEED OF EMANCIPATION,pp. 411-412,,,,,,Fayette County Clerks Office,,https://www.fayettedeeds.com/landrecords/index.php,"Book Code: ODB, Book Number: 00000A",,,,,Document,application/pdf,eng,ODB,00000A,23,3,"TOWN OF LEXINGTON, ",",",17810326,,1804000076.pdf,,record,,,,,
1804000077,"RACHEL,  granted to STOUT, BENJAMIN",1804-07-01,,,DEED OF EMANCIPATION,pp. 411-413,,,,,,Fayette County Clerks Office,,https://www.fayettedeeds.com/landrecords/index.php,"Book Code: ODB, Book Number: 00000A",,,,,Document,application/pdf,eng,ODB,00000A,23,3,"TOWN OF LEXINGTON, ",",",17810326,,1804000077.pdf,,record,,,,,
1804000078,"YOUNG, WILLIAM granted to TODD, LEVI; HENDERSON, NANCY C.; HENDERSON, MARIA; HENDERSON, FANNY A.",1804-08-03,,,POWER TO TRANSACT BUSINESS FOR THE HENDERSON ESTATE IN PENNSYLVANIA,pp. 417-418,,,,,,Fayette County Clerks Office,,https://www.fayettedeeds.com/landrecords/index.php,"Book Code: ODB, Book Number: 00000A",,,,,Document,application/pdf,eng,ODB,00000A,23,3,"TOWN OF LEXINGTON, ",",",17810326,,1804000078.pdf,,record,,,,,
1831000001,"BENTLEY, REUBEN; EPPEARSON, ANTHONY; BENTLEY, BARLEY granted to BENTLEY, FRANCIS ; BENTLEY, JAMES",1831-10-21,,,SEE DOCUMENT,pp. 439-440,,,,,,Fayette County Clerks Office,,https://www.fayettedeeds.com/landrecords/index.php,"Book Code: ODB, Book Number: 00000A",,,,,Document,application/pdf,eng,ODB,00000A,23,3,"TOWN OF LEXINGTON, ",",",17810326,,1831000001.pdf,,record,,,,,